Workbook

Sheet BP
A1: ตารางเกณฑ์ดัชนีคุณภาพอากาศของประเทศไทย (TH AQI) — PM2.5 เฉลี่ย 24 ชม.
A2: ที่มา: ประกาศกรมควบคุมมลพิษ เรื่อง ดัชนีคุณภาพอากาศของประเทศไทย พ.ศ. 2566 (บังคับใช้ 1 มิ.ย. 2566) / air4thai.pcd.go.th
A4: C_low (มคก./ลบ.ม.) | B4: C_high (มคก./ลบ.ม.) | C4: I_low | D4: I_high | E4: AQI เริ่มช่วง | F4: ระดับคุณภาพอากาศ | G4: สี
A5: 0 | B5: 15 | C5: 0 | D5: 25 | E5: 0 | F5: ดีมาก | G5: ฟ้า
A6: 15.1 | B6: 25 | C6: 26 | D6: 50 | E6: 26 | F6: ดี | G6: เขียว
A7: 25.1 | B7: 37.5 | C7: 51 | D7: 100 | E7: 51 | F7: ปานกลาง | G7: เหลือง
A8: 37.6 | B8: 75 | C8: 101 | D8: 200 | E8: 101 | F8: เริ่มมีผลกระทบต่อสุขภาพ | G8: ส้ม
A9: 75.1 | B9: 500 | C9: 201 | D9: 500 | E9: 201 | F9: มีผลกระทบต่อสุขภาพ | G9: แดง
A11: สูตร: AQI = ((I_high − I_low) / (C_high − C_low)) × (C − C_low) + I_low แล้วปัดเป็นจำนวนเต็ม
A12: C = ความเข้มข้น PM2.5 ที่ตรวจวัดได้ (เฉลี่ย 24 ชม.) | เมื่อมีมลพิษหลายชนิด AQI = ค่าสูงสุดของดัชนีย่อยทุกชนิด
A14: หมายเหตุข้อมูล: แถวที่มีวันที่ 2021-06-30 ซ้ำกัน 2 แถวในไฟล์ต้นฉบับ และไม่มีวันที่ 2021-06-29 จึงถือว่าแถวแรกคือ 2021-06-29
A15: ข้อมูลสถานี 44T ต.หาดใหญ่ อ.หาดใหญ่ จ.สงขลา (เทศบาลนครหาดใหญ่) มีวันที่ไม่มีค่าตรวจวัด 22 วัน ซึ่งถูกเว้นว่างไว้

Sheet Data
A1: วันที่ | B1: PM2.5 (มคก./ลบ.ม.) | C1: AQI | D1: ระดับคุณภาพอากาศ | E1: ปี | F1: เดือน | G1: ลมสูงสุด (km/h) | H1: ลมกระโชก (km/h) | I1: ทิศลม (°) | J1: ฝน model (มม.) | K1: ปริมาณน้ำฝน (มม.) | L1: ประเภทวัน
A2: 44197 | B2: 20 | C2: =IF(NOT(ISNUMBER(B2)),"",ROUND((INDEX(BP!$D$5:$D$9,MATCH(B2,BP!$A$5:$A$9,1))-INDEX(BP!$C$5:$C$9,MATCH(B2,BP!$A$5:$A$9,1)))/(INDEX(BP!$B$5:$B$9,MATCH(B2,BP!$A$5:$A$9,1))-INDEX(BP!$A$5:$A$9,MATCH(B2,BP!$A$5:$A$9,1)))*(B2-INDEX(BP!$A$5:$A$9,MATCH(B2,BP!$A$5:$A$9,1)))+INDEX(BP!$C$5:$C$9,MATCH(B2,BP!$A$5:$A$9,1)),0)) -> 38 | D2: =IF(NOT(ISNUMBER(C2)),"",INDEX(BP!$F$5:$F$9,MATCH(C2,BP!$E$5:$E$9,1))) -> ดี | E2: =YEAR(A2) -> 2021 | F2: =MONTH(A2) -> 1 | G2: 25.8 | H2: 52.9 | I2: 65 | J2: 8 | K2: 8.2 | L2: วันหยุดราชการ/นักขัตฤกษ์
A3: 44198 | B3: 16 | C3: =IF(NOT(ISNUMBER(B3)),"",ROUND((INDEX(BP!$D$5:$D$9,MATCH(B3,BP!$A$5:$A$9,1))-INDEX(BP!$C$5:$C$9,MATCH(B3,BP!$A$5:$A$9,1)))/(INDEX(BP!$B$5:$B$9,MATCH(B3,BP!$A$5:$A$9,1))-INDEX(BP!$A$5:$A$9,MATCH(B3,BP!$A$5:$A$9,1)))*(B3-INDEX(BP!$A$5:$A$9,MATCH(B3,BP!$A$5:$A$9,1)))+INDEX(BP!$C$5:$C$9,MATCH(B3,BP!$A$5:$A$9,1)),0)) -> 28 | D3: =IF(NOT(ISNUMBER(C3)),"",INDEX(BP!$F$5:$F$9,MATCH(C3,BP!$E$5:$E$9,1))) -> ดี | E3: =YEAR(A3) -> 2021 | F3: =MONTH(A3) -> 1 | G3: 20.7 | H3: 46.1 | I3: 57 | J3: 5 | K3: 30 | L3: วันหยุดสุดสัปดาห์
A4: 44199 | B4: 15 | C4: =IF(NOT(ISNUMBER(B4)),"",ROUND((INDEX(BP!$D$5:$D$9,MATCH(B4,BP!$A$5:$A$9,1))-INDEX(BP!$C$5:$C$9,MATCH(B4,BP!$A$5:$A$9,1)))/(INDEX(BP!$B$5:$B$9,MATCH(B4,BP!$A$5:$A$9,1))-INDEX(BP!$A$5:$A$9,MATCH(B4,BP!$A$5:$A$9,1)))*(B4-INDEX(BP!$A$5:$A$9,MATCH(B4,BP!$A$5:$A$9,1)))+INDEX(BP!$C$5:$C$9,MATCH(B4,BP!$A$5:$A$9,1)),0)) -> 25 | D4: =IF(NOT(ISNUMBER(C4)),"",INDEX(BP!$F$5:$F$9,MATCH(C4,BP!$E$5:$E$9,1))) -> ดีมาก | E4: =YEAR(A4) -> 2021 | F4: =MONTH(A4) -> 1 | G4: 23.8 | H4: 49.7 | I4: 58 | J4: 6 | K4: 31.4 | L4: วันหยุดสุดสัปดาห์
A5: 44200 | B5: 12 | C5: =IF(NOT(ISNUMBER(B5)),"",ROUND((INDEX(BP!$D$5:$D$9,MATCH(B5,BP!$A$5:$A$9,1))-INDEX(BP!$C$5:$C$9,MATCH(B5,BP!$A$5:$A$9,1)))/(INDEX(BP!$B$5:$B$9,MATCH(B5,BP!$A$5:$A$9,1))-INDEX(BP!$A$5:$A$9,MATCH(B5,BP!$A$5:$A$9,1)))*(B5-INDEX(BP!$A$5:$A$9,MATCH(B5,BP!$A$5:$A$9,1)))+INDEX(BP!$C$5:$C$9,MATCH(B5,BP!$A$5:$A$9,1)),0)) -> 20 | D5: =IF(NOT(ISNUMBER(C5)),"",INDEX(BP!$F$5:$F$9,MATCH(C5,BP!$E$5:$E$9,1))) -> ดีมาก | E5: =YEAR(A5) -> 2021 | F5: =MONTH(A5) -> 1 | G5: 25.2 | H5: 55.8 | I5: 84 | J5: 13.9 | K5: 7.8 | L5: วันทำงานปกติ
A6: 44201 | B6: 14 | C6: =IF(NOT(ISNUMBER(B6)),"",ROUND((INDEX(BP!$D$5:$D$9,MATCH(B6,BP!$A$5:$A$9,1))-INDEX(BP!$C$5:$C$9,MATCH(B6,BP!$A$5:$A$9,1)))/(INDEX(BP!$B$5:$B$9,MATCH(B6,BP!$A$5:$A$9,1))-INDEX(BP!$A$5:$A$9,MATCH(B6,BP!$A$5:$A$9,1)))*(B6-INDEX(BP!$A$5:$A$9,MATCH(B6,BP!$A$5:$A$9,1)))+INDEX(BP!$C$5:$C$9,MATCH(B6,BP!$A$5:$A$9,1)),0)) -> 23 | D6: =IF(NOT(ISNUMBER(C6)),"",INDEX(BP!$F$5:$F$9,MATCH(C6,BP!$E$5:$E$9,1))) -> ดีมาก | E6: =YEAR(A6) -> 2021 | F6: =MONTH(A6) -> 1 | G6: 17.3 | H6: 41.4 | I6: 54 | J6: 18.3 | K6: 43.6 | L6: วันทำงานปกติ
A7: 44202 | B7: 11 | C7: =IF(NOT(ISNUMBER(B7)),"",ROUND((INDEX(BP!$D$5:$D$9,MATCH(B7,BP!$A$5:$A$9,1))-INDEX(BP!$C$5:$C$9,MATCH(B7,BP!$A$5:$A$9,1)))/(INDEX(BP!$B$5:$B$9,MATCH(B7,BP!$A$5:$A$9,1))-INDEX(BP!$A$5:$A$9,MATCH(B7,BP!$A$5:$A$9,1)))*(B7-INDEX(BP!$A$5:$A$9,MATCH(B7,BP!$A$5:$A$9,1)))+INDEX(BP!$C$5:$C$9,MATCH(B7,BP!$A$5:$A$9,1)),0)) -> 18 | D7: =IF(NOT(ISNUMBER(C7)),"",INDEX(BP!$F$5:$F$9,MATCH(C7,BP!$E$5:$E$9,1))) -> ดีมาก | E7: =YEAR(A7) -> 2021 | F7: =MONTH(A7) -> 1 | G7: 20.1 | H7: 52.9 | I7: 78 | J7: 11.4 | K7: 2.2 | L7: วันทำงานปกติ
A8: 44203 | B8: 11 | C8: =IF(NOT(ISNUMBER(B8)),"",ROUND((INDEX(BP!$D$5:$D$9,MATCH(B8,BP!$A$5:$A$9,1))-INDEX(BP!$C$5:$C$9,MATCH(B8,BP!$A$5:$A$9,1)))/(INDEX(BP!$B$5:$B$9,MATCH(B8,BP!$A$5:$A$9,1))-INDEX(BP!$A$5:$A$9,MATCH(B8,BP!$A$5:$A$9,1)))*(B8-INDEX(BP!$A$5:$A$9,MATCH(B8,BP!$A$5:$A$9,1)))+INDEX(BP!$C$5:$C$9,MATCH(B8,BP!$A$5:$A$9,1)),0)) -> 18 | D8: =IF(NOT(ISNUMBER(C8)),"",INDEX(BP!$F$5:$F$9,MATCH(C8,BP!$E$5:$E$9,1))) -> ดีมาก | E8: =YEAR(A8) -> 2021 | F8: =MONTH(A8) -> 1 | G8: 20.2 | H8: 47.2 | I8: 88 | J8: 11.9 | K8: 0.2 | L8: วันทำงานปกติ
A9: 44204 | B9: 12 | C9: =IF(NOT(ISNUMBER(B9)),"",ROUND((INDEX(BP!$D$5:$D$9,MATCH(B9,BP!$A$5:$A$9,1))-INDEX(BP!$C$5:$C$9,MATCH(B9,BP!$A$5:$A$9,1)))/(INDEX(BP!$B$5:$B$9,MATCH(B9,BP!$A$5:$A$9,1))-INDEX(BP!$A$5:$A$9,MATCH(B9,BP!$A$5:$A$9,1)))*(B9-INDEX(BP!$A$5:$A$9,MATCH(B9,BP!$A$5:$A$9,1)))+INDEX(BP!$C$5:$C$9,MATCH(B9,BP!$A$5:$A$9,1)),0)) -> 20 | D9: =IF(NOT(ISNUMBER(C9)),"",INDEX(BP!$F$5:$F$9,MATCH(C9,BP!$E$5:$E$9,1))) -> ดีมาก | E9: =YEAR(A9) -> 2021 | F9: =MONTH(A9) -> 1 | G9: 26.6 | H9: 56.9 | I9: 94 | J9: 1.5 | K9: 0 | L9: วันทำงานปกติ
A10: 44205 | B10: 13 | C10: =IF(NOT(ISNUMBER(B10)),"",ROUND((INDEX(BP!$D$5:$D$9,MATCH(B10,BP!$A$5:$A$9,1))-INDEX(BP!$C$5:$C$9,MATCH(B10,BP!$A$5:$A$9,1)))/(INDEX(BP!$B$5:$B$9,MATCH(B10,BP!$A$5:$A$9,1))-INDEX(BP!$A$5:$A$9,MATCH(B10,BP!$A$5:$A$9,1)))*(B10-INDEX(BP!$A$5:$A$9,MATCH(B10,BP!$A$5:$A$9,1)))+INDEX(BP!$C$5:$C$9,MATCH(B10,BP!$A$5:$A$9,1)),0)) -> 22 | D10: =IF(NOT(ISNUMBER(C10)),"",INDEX(BP!$F$5:$F$9,MATCH(C10,BP!$E$5:$E$9,1))) -> ดีมาก | E10: =YEAR(A10) -> 2021 | F10: =MONTH(A10) -> 1 | G10: 25.6 | H10: 54.7 | I10: 95 | J10: 2.3 | K10: 0 | L10: วันหยุดสุดสัปดาห์
A11: 44206 | B11: 16 | C11: =IF(NOT(ISNUMBER(B11)),"",ROUND((INDEX(BP!$D$5:$D$9,MATCH(B11,BP!$A$5:$A$9,1))-INDEX(BP!$C$5:$C$9,MATCH(B11,BP!$A$5:$A$9,1)))/(INDEX(BP!$B$5:$B$9,MATCH(B11,BP!$A$5:$A$9,1))-INDEX(BP!$A$5:$A$9,MATCH(B11,BP!$A$5:$A$9,1)))*(B11-INDEX(BP!$A$5:$A$9,MATCH(B11,BP!$A$5:$A$9,1)))+INDEX(BP!$C$5:$C$9,MATCH(B11,BP!$A$5:$A$9,1)),0)) -> 28 | D11: =IF(NOT(ISNUMBER(C11)),"",INDEX(BP!$F$5:$F$9,MATCH(C11,BP!$E$5:$E$9,1))) -> ดี | E11: =YEAR(A11) -> 2021 | F11: =MONTH(A11) -> 1 | G11: 20.3 | H11: 43.9 | I11: 84 | J11: 8.5 | K11: 30.2 | L11: วันหยุดสุดสัปดาห์
A12: 44207 | B12: 14 | C12: =IF(NOT(ISNUMBER(B12)),"",ROUND((INDEX(BP!$D$5:$D$9,MATCH(B12,BP!$A$5:$A$9,1))-INDEX(BP!$C$5:$C$9,MATCH(B12,BP!$A$5:$A$9,1)))/(INDEX(BP!$B$5:$B$9,MATCH(B12,BP!$A$5:$A$9,1))-INDEX(BP!$A$5:$A$9,MATCH(B12,BP!$A$5:$A$9,1)))*(B12-INDEX(BP!$A$5:$A$9,MATCH(B12,BP!$A$5:$A$9,1)))+INDEX(BP!$C$5:$C$9,MATCH(B12,BP!$A$5:$A$9,1)),0)) -> 23 | D12: =IF(NOT(ISNUMBER(C12)),"",INDEX(BP!$F$5:$F$9,MATCH(C12,BP!$E$5:$E$9,1))) -> ดีมาก | E12: =YEAR(A12) -> 2021 | F12: =MONTH(A12) -> 1 | G12: 21.3 | H12: 43.9 | I12: 83 | J12: 4.4 | K12: 0.8 | L12: วันทำงานปกติ
A13: 44208 | B13: 14 | C13: =IF(NOT(ISNUMBER(B13)),"",ROUND((INDEX(BP!$D$5:$D$9,MATCH(B13,BP!$A$5:$A$9,1))-INDEX(BP!$C$5:$C$9,MATCH(B13,BP!$A$5:$A$9,1)))/(INDEX(BP!$B$5:$B$9,MATCH(B13,BP!$A$5:$A$9,1))-INDEX(BP!$A$5:$A$9,MATCH(B13,BP!$A$5:$A$9,1)))*(B13-INDEX(BP!$A$5:$A$9,MATCH(B13,BP!$A$5:$A$9,1)))+INDEX(BP!$C$5:$C$9,MATCH(B13,BP!$A$5:$A$9,1)),0)) -> 23 | D13: =IF(NOT(ISNUMBER(C13)),"",INDEX(BP!$F$5:$F$9,MATCH(C13,BP!$E$5:$E$9,1))) -> ดีมาก | E13: =YEAR(A13) -> 2021 | F13: =MONTH(A13) -> 1 | G13: 24 | H13: 50.4 | I13: 75 | J13: 5.6 | K13: 0.6 | L13: วันทำงานปกติ
... A399: 44594 | B399: 12 | C399: =IF(NOT(ISNUMBER(B399)),"",ROUND((INDEX(BP!$D$5:$D$9,MATCH(B399,BP!$A$5:$A$9,1))-INDEX(BP!$C$5:$C$9,MATCH(B399,BP!$A$5:$A$9,1)))/(INDEX(BP!$B$5:$B$9,MATCH(B399,BP!$A$5:$A$9,1))-INDEX(BP!$A$5:$A$9,MATCH(B399,BP!$A$5:$A$9,1)))*(B399-INDEX(BP!$A$5:$A$9,MATCH(B399,BP!$A$5:$A$9,1)))+INDEX(BP!$C$5:$C$9,MATCH(B399,BP!$A$5:$A$9,1)),0)) -> 20 | D399: =IF(NOT(ISNUMBER(C399)),"",INDEX(BP!$F$5:$F$9,MATCH(C399,BP!$E$5:$E$9,1))) -> ดีมาก | E399: =YEAR(A399) -> 2022 | F399: =MONTH(A399) -> 2 | G399: 22.7 | H399: 44.3 | I399: 97 | J399: 2.7 | K399: 0 | L399: วันทำงานปกติ
A400: 44595 | C400: =IF(NOT(ISNUMBER(B400)),"",ROUND((INDEX(BP!$D$5:$D$9,MATCH(B400,BP!$A$5:$A$9,1))-INDEX(BP!$C$5:$C$9,MATCH(B400,BP!$A$5:$A$9,1)))/(INDEX(BP!$B$5:$B$9,MATCH(B400,BP!$A$5:$A$9,1))-INDEX(BP!$A$5:$A$9,MATCH(B400,BP!$A$5:$A$9,1)))*(B400-INDEX(BP!$A$5:$A$9,MATCH(B400,BP!$A$5:$A$9,1)))+INDEX(BP!$C$5:$C$9,MATCH(B400,BP!$A$5:$A$9,1)),0)) | D400: =IF(NOT(ISNUMBER(C400)),"",INDEX(BP!$F$5:$F$9,MATCH(C400,BP!$E$5:$E$9,1))) | E400: =YEAR(A400) -> 2022 | F400: =MONTH(A400) -> 2 | G400: 19.8 | H400: 42.1 | I400: 92 | J400: 1.7 | K400: 0 | L400: วันทำงานปกติ
A401: 44596 | B401: 15 | C401: =IF(NOT(ISNUMBER(B401)),"",ROUND((INDEX(BP!$D$5:$D$9,MATCH(B401,BP!$A$5:$A$9,1))-INDEX(BP!$C$5:$C$9,MATCH(B401,BP!$A$5:$A$9,1)))/(INDEX(BP!$B$5:$B$9,MATCH(B401,BP!$A$5:$A$9,1))-INDEX(BP!$A$5:$A$9,MATCH(B401,BP!$A$5:$A$9,1)))*(B401-INDEX(BP!$A$5:$A$9,MATCH(B401,BP!$A$5:$A$9,1)))+INDEX(BP!$C$5:$C$9,MATCH(B401,BP!$A$5:$A$9,1)),0)) -> 25 | D401: =IF(NOT(ISNUMBER(C401)),"",INDEX(BP!$F$5:$F$9,MATCH(C401,BP!$E$5:$E$9,1))) -> ดีมาก | E401: =YEAR(A401) -> 2022 | F401: =MONTH(A401) -> 2 | G401: 24.9 | H401: 51.5 | I401: 92 | J401: 3.9 | K401: 3.2 | L401: วันทำงานปกติ
A402: 44597 | B402: 14 | C402: =IF(NOT(ISNUMBER(B402)),"",ROUND((INDEX(BP!$D$5:$D$9,MATCH(B402,BP!$A$5:$A$9,1))-INDEX(BP!$C$5:$C$9,MATCH(B402,BP!$A$5:$A$9,1)))/(INDEX(BP!$B$5:$B$9,MATCH(B402,BP!$A$5:$A$9,1))-INDEX(BP!$A$5:$A$9,MATCH(B402,BP!$A$5:$A$9,1)))*(B402-INDEX(BP!$A$5:$A$9,MATCH(B402,BP!$A$5:$A$9,1)))+INDEX(BP!$C$5:$C$9,MATCH(B402,BP!$A$5:$A$9,1)),0)) -> 23 | D402: =IF(NOT(ISNUMBER(C402)),"",INDEX(BP!$F$5:$F$9,MATCH(C402,BP!$E$5:$E$9,1))) -> ดีมาก | E402: =YEAR(A402) -> 2022 | F402: =MONTH(A402) -> 2 | G402: 26.4 | H402: 54.7 | I402: 96 | J402: 1.3 | K402: 0.2 | L402: วันหยุดสุดสัปดาห์
A403: 44598 | B403: 15 | C403: =IF(NOT(ISNUMBER(B403)),"",ROUND((INDEX(BP!$D$5:$D$9,MATCH(B403,BP!$A$5:$A$9,1))-INDEX(BP!$C$5:$C$9,MATCH(B403,BP!$A$5:$A$9,1)))/(INDEX(BP!$B$5:$B$9,MATCH(B403,BP!$A$5:$A$9,1))-INDEX(BP!$A$5:$A$9,MATCH(B403,BP!$A$5:$A$9,1)))*(B403-INDEX(BP!$A$5:$A$9,MATCH(B403,BP!$A$5:$A$9,1)))+INDEX(BP!$C$5:$C$9,MATCH(B403,BP!$A$5:$A$9,1)),0)) -> 25 | D403: =IF(NOT(ISNUMBER(C403)),"",INDEX(BP!$F$5:$F$9,MATCH(C403,BP!$E$5:$E$9,1))) -> ดีมาก | E403: =YEAR(A403) -> 2022 | F403: =MONTH(A403) -> 2 | G403: 24.1 | H403: 50 | I403: 95 | J403: 0.6 | K403: 0 | L403: วันหยุดสุดสัปดาห์
A404: 44599 | B404: 14 | C404: =IF(NOT(ISNUMBER(B404)),"",ROUND((INDEX(BP!$D$5:$D$9,MATCH(B404,BP!$A$5:$A$9,1))-INDEX(BP!$C$5:$C$9,MATCH(B404,BP!$A$5:$A$9,1)))/(INDEX(BP!$B$5:$B$9,MATCH(B404,BP!$A$5:$A$9,1))-INDEX(BP!$A$5:$A$9,MATCH(B404,BP!$A$5:$A$9,1)))*(B404-INDEX(BP!$A$5:$A$9,MATCH(B404,BP!$A$5:$A$9,1)))+INDEX(BP!$C$5:$C$9,MATCH(B404,BP!$A$5:$A$9,1)),0)) -> 23 | D404: =IF(NOT(ISNUMBER(C404)),"",INDEX(BP!$F$5:$F$9,MATCH(C404,BP!$E$5:$E$9,1))) -> ดีมาก | E404: =YEAR(A404) -> 2022 | F404: =MONTH(A404) -> 2 | G404: 18.9 | H404: 42.5 | I404: 84 | J404: 2.1 | K404: 0.6 | L404: วันทำงานปกติ
A405: 44600 | B405: 15 | C405: =IF(NOT(ISNUMBER(B405)),"",ROUND((INDEX(BP!$D$5:$D$9,MATCH(B405,BP!$A$5:$A$9,1))-INDEX(BP!$C$5:$C$9,MATCH(B405,BP!$A$5:$A$9,1)))/(INDEX(BP!$B$5:$B$9,MATCH(B405,BP!$A$5:$A$9,1))-INDEX(BP!$A$5:$A$9,MATCH(B405,BP!$A$5:$A$9,1)))*(B405-INDEX(BP!$A$5:$A$9,MATCH(B405,BP!$A$5:$A$9,1)))+INDEX(BP!$C$5:$C$9,MATCH(B405,BP!$A$5:$A$9,1)),0)) -> 25 | D405: =IF(NOT(ISNUMBER(C405)),"",INDEX(BP!$F$5:$F$9,MATCH(C405,BP!$E$5:$E$9,1))) -> ดีมาก | E405: =YEAR(A405) -> 2022 | F405: =MONTH(A405) -> 2 | G405: 20 | H405: 43.9 | I405: 76 | J405: 2.4 | K405: 1.8 | L405: วันทำงานปกติ
A406: 44601 | B406: 15 | C406: =IF(NOT(ISNUMBER(B406)),"",ROUND((INDEX(BP!$D$5:$D$9,MATCH(B406,BP!$A$5:$A$9,1))-INDEX(BP!$C$5:$C$9,MATCH(B406,BP!$A$5:$A$9,1)))/(INDEX(BP!$B$5:$B$9,MATCH(B406,BP!$A$5:$A$9,1))-INDEX(BP!$A$5:$A$9,MATCH(B406,BP!$A$5:$A$9,1)))*(B406-INDEX(BP!$A$5:$A$9,MATCH(B406,BP!$A$5:$A$9,1)))+INDEX(BP!$C$5:$C$9,MATCH(B406,BP!$A$5:$A$9,1)),0)) -> 25 | D406: =IF(NOT(ISNUMBER(C406)),"",INDEX(BP!$F$5:$F$9,MATCH(C406,BP!$E$5:$E$9,1))) -> ดีมาก | E406: =YEAR(A406) -> 2022 | F406: =MONTH(A406) -> 2 | G406: 18.3 | H406: 39.2 | I406: 94 | J406: 1 | K406: 0 | L406: วันทำงานปกติ
A407: 44602 | B407: 18 | C407: =IF(NOT(ISNUMBER(B407)),"",ROUND((INDEX(BP!$D$5:$D$9,MATCH(B407,BP!$A$5:$A$9,1))-INDEX(BP!$C$5:$C$9,MATCH(B407,BP!$A$5:$A$9,1)))/(INDEX(BP!$B$5:$B$9,MATCH(B407,BP!$A$5:$A$9,1))-INDEX(BP!$A$5:$A$9,MATCH(B407,BP!$A$5:$A$9,1)))*(B407-INDEX(BP!$A$5:$A$9,MATCH(B407,BP!$A$5:$A$9,1)))+INDEX(BP!$C$5:$C$9,MATCH(B407,BP!$A$5:$A$9,1)),0)) -> 33 | D407: =IF(NOT(ISNUMBER(C407)),"",INDEX(BP!$F$5:$F$9,MATCH(C407,BP!$E$5:$E$9,1))) -> ดี | E407: =YEAR(A407) -> 2022 | F407: =MONTH(A407) -> 2 | G407: 15.4 | H407: 34.6 | I407: 96 | J407: 0.2 | K407: 0 | L407: วันทำงานปกติ
A408: 44603 | B408: 19 | C408: =IF(NOT(ISNUMBER(B408)),"",ROUND((INDEX(BP!$D$5:$D$9,MATCH(B408,BP!$A$5:$A$9,1))-INDEX(BP!$C$5:$C$9,MATCH(B408,BP!$A$5:$A$9,1)))/(INDEX(BP!$B$5:$B$9,MATCH(B408,BP!$A$5:$A$9,1))-INDEX(BP!$A$5:$A$9,MATCH(B408,BP!$A$5:$A$9,1)))*(B408-INDEX(BP!$A$5:$A$9,MATCH(B408,BP!$A$5:$A$9,1)))+INDEX(BP!$C$5:$C$9,MATCH(B408,BP!$A$5:$A$9,1)),0)) -> 35 | D408: =IF(NOT(ISNUMBER(C408)),"",INDEX(BP!$F$5:$F$9,MATCH(C408,BP!$E$5:$E$9,1))) -> ดี | E408: =YEAR(A408) -> 2022 | F408: =MONTH(A408) -> 2 | G408: 20.3 | H408: 43.2 | I408: 96 | J408: 0.4 | K408: 0 | L408: วันทำงานปกติ
A409: 44604 | B409: 20 | C409: =IF(NOT(ISNUMBER(B409)),"",ROUND((INDEX(BP!$D$5:$D$9,MATCH(B409,BP!$A$5:$A$9,1))-INDEX(BP!$C$5:$C$9,MATCH(B409,BP!$A$5:$A$9,1)))/(INDEX(BP!$B$5:$B$9,MATCH(B409,BP!$A$5:$A$9,1))-INDEX(BP!$A$5:$A$9,MATCH(B409,BP!$A$5:$A$9,1)))*(B409-INDEX(BP!$A$5:$A$9,MATCH(B409,BP!$A$5:$A$9,1)))+INDEX(BP!$C$5:$C$9,MATCH(B409,BP!$A$5:$A$9,1)),0)) -> 38 | D409: =IF(NOT(ISNUMBER(C409)),"",INDEX(BP!$F$5:$F$9,MATCH(C409,BP!$E$5:$E$9,1))) -> ดี | E409: =YEAR(A409) -> 2022 | F409: =MONTH(A409) -> 2 | G409: 20.5 | H409: 42.8 | I409: 71 | J409: 1 | K409: 0.4 | L409: วันหยุดสุดสัปดาห์
A410: 44605 | B410: 15 | C410: =IF(NOT(ISNUMBER(B410)),"",ROUND((INDEX(BP!$D$5:$D$9,MATCH(B410,BP!$A$5:$A$9,1))-INDEX(BP!$C$5:$C$9,MATCH(B410,BP!$A$5:$A$9,1)))/(INDEX(BP!$B$5:$B$9,MATCH(B410,BP!$A$5:$A$9,1))-INDEX(BP!$A$5:$A$9,MATCH(B410,BP!$A$5:$A$9,1)))*(B410-INDEX(BP!$A$5:$A$9,MATCH(B410,BP!$A$5:$A$9,1)))+INDEX(BP!$C$5:$C$9,MATCH(B410,BP!$A$5:$A$9,1)),0)) -> 25 | D410: =IF(NOT(ISNUMBER(C410)),"",INDEX(BP!$F$5:$F$9,MATCH(C410,BP!$E$5:$E$9,1))) -> ดีมาก | E410: =YEAR(A410) -> 2022 | F410: =MONTH(A410) -> 2 | G410: 21.7 | H410: 46.1 | I410: 82 | J410: 1.3 | K410: 0 | L410: วันหยุดสุดสัปดาห์
A411: 44606 | B411: 8 | C411: =IF(NOT(ISNUMBER(B411)),"",ROUND((INDEX(BP!$D$5:$D$9,MATCH(B411,BP!$A$5:$A$9,1))-INDEX(BP!$C$5:$C$9,MATCH(B411,BP!$A$5:$A$9,1)))/(INDEX(BP!$B$5:$B$9,MATCH(B411,BP!$A$5:$A$9,1))-INDEX(BP!$A$5:$A$9,MATCH(B411,BP!$A$5:$A$9,1)))*(B411-INDEX(BP!$A$5:$A$9,MATCH(B411,BP!$A$5:$A$9,1)))+INDEX(BP!$C$5:$C$9,MATCH(B411,BP!$A$5:$A$9,1)),0)) -> 13 | D411: =IF(NOT(ISNUMBER(C411)),"",INDEX(BP!$F$5:$F$9,MATCH(C411,BP!$E$5:$E$9,1))) -> ดีมาก | E411: =YEAR(A411) -> 2022 | F411: =MONTH(A411) -> 2 | G411: 22 | H411: 45.7 | I411: 101 | J411: 4.6 | K411: 3.4 | L411: วันทำงานปกติ
A412: 44607 | B412: 10 | C412: =IF(NOT(ISNUMBER(B412)),"",ROUND((INDEX(BP!$D$5:$D$9,MATCH(B412,BP!$A$5:$A$9,1))-INDEX(BP!$C$5:$C$9,MATCH(B412,BP!$A$5:$A$9,1)))/(INDEX(BP!$B$5:$B$9,MATCH(B412,BP!$A$5:$A$9,1))-INDEX(BP!$A$5:$A$9,MATCH(B412,BP!$A$5:$A$9,1)))*(B412-INDEX(BP!$A$5:$A$9,MATCH(B412,BP!$A$5:$A$9,1)))+INDEX(BP!$C$5:$C$9,MATCH(B412,BP!$A$5:$A$9,1)),0)) -> 17 | D412: =IF(NOT(ISNUMBER(C412)),"",INDEX(BP!$F$5:$F$9,MATCH(C412,BP!$E$5:$E$9,1))) -> ดีมาก | E412: =YEAR(A412) -> 2022 | F412: =MONTH(A412) -> 2 | G412: 20.9 | H412: 42.1 | I412: 106 | J412: 23 | K412: 0.4 | L412: วันทำงานปกติ
... A439: 44634 | B439: 13 | C439: =IF(NOT(ISNUMBER(B439)),"",ROUND((INDEX(BP!$D$5:$D$9,MATCH(B439,BP!$A$5:$A$9,1))-INDEX(BP!$C$5:$C$9,MATCH(B439,BP!$A$5:$A$9,1)))/(INDEX(BP!$B$5:$B$9,MATCH(B439,BP!$A$5:$A$9,1))-INDEX(BP!$A$5:$A$9,MATCH(B439,BP!$A$5:$A$9,1)))*(B439-INDEX(BP!$A$5:$A$9,MATCH(B439,BP!$A$5:$A$9,1)))+INDEX(BP!$C$5:$C$9,MATCH(B439,BP!$A$5:$A$9,1)),0)) -> 22 | D439: =IF(NOT(ISNUMBER(C439)),"",INDEX(BP!$F$5:$F$9,MATCH(C439,BP!$E$5:$E$9,1))) -> ดีมาก | E439: =YEAR(A439) -> 2022 | F439: =MONTH(A439) -> 3 | G439: 21.1 | H439: 44.3 | I439: 91 | J439: 24.5 | K439: 21.6 | L439: วันทำงานปกติ
A440: 44635 | C440: =IF(NOT(ISNUMBER(B440)),"",ROUND((INDEX(BP!$D$5:$D$9,MATCH(B440,BP!$A$5:$A$9,1))-INDEX(BP!$C$5:$C$9,MATCH(B440,BP!$A$5:$A$9,1)))/(INDEX(BP!$B$5:$B$9,MATCH(B440,BP!$A$5:$A$9,1))-INDEX(BP!$A$5:$A$9,MATCH(B440,BP!$A$5:$A$9,1)))*(B440-INDEX(BP!$A$5:$A$9,MATCH(B440,BP!$A$5:$A$9,1)))+INDEX(BP!$C$5:$C$9,MATCH(B440,BP!$A$5:$A$9,1)),0)) | D440: =IF(NOT(ISNUMBER(C440)),"",INDEX(BP!$F$5:$F$9,MATCH(C440,BP!$E$5:$E$9,1))) | E440: =YEAR(A440) -> 2022 | F440: =MONTH(A440) -> 3 | G440: 15.8 | H440: 34.6 | I440: 90 | J440: 0.3 | K440: 0 | L440: วันทำงานปกติ
A441: 44636 | B441: 14 | C441: =IF(NOT(ISNUMBER(B441)),"",ROUND((INDEX(BP!$D$5:$D$9,MATCH(B441,BP!$A$5:$A$9,1))-INDEX(BP!$C$5:$C$9,MATCH(B441,BP!$A$5:$A$9,1)))/(INDEX(BP!$B$5:$B$9,MATCH(B441,BP!$A$5:$A$9,1))-INDEX(BP!$A$5:$A$9,MATCH(B441,BP!$A$5:$A$9,1)))*(B441-INDEX(BP!$A$5:$A$9,MATCH(B441,BP!$A$5:$A$9,1)))+INDEX(BP!$C$5:$C$9,MATCH(B441,BP!$A$5:$A$9,1)),0)) -> 23 | D441: =IF(NOT(ISNUMBER(C441)),"",INDEX(BP!$F$5:$F$9,MATCH(C441,BP!$E$5:$E$9,1))) -> ดีมาก | E441: =YEAR(A441) -> 2022 | F441: =MONTH(A441) -> 3 | G441: 12.7 | H441: 29.9 | I441: 90 | J441: 0.2 | K441: 0 | L441: วันทำงานปกติ
A442: 44637 | B442: 12 | C442: =IF(NOT(ISNUMBER(B442)),"",ROUND((INDEX(BP!$D$5:$D$9,MATCH(B442,BP!$A$5:$A$9,1))-INDEX(BP!$C$5:$C$9,MATCH(B442,BP!$A$5:$A$9,1)))/(INDEX(BP!$B$5:$B$9,MATCH(B442,BP!$A$5:$A$9,1))-INDEX(BP!$A$5:$A$9,MATCH(B442,BP!$A$5:$A$9,1)))*(B442-INDEX(BP!$A$5:$A$9,MATCH(B442,BP!$A$5:$A$9,1)))+INDEX(BP!$C$5:$C$9,MATCH(B442,BP!$A$5:$A$9,1)),0)) -> 20 | D442: =IF(NOT(ISNUMBER(C442)),"",INDEX(BP!$F$5:$F$9,MATCH(C442,BP!$E$5:$E$9,1))) -> ดีมาก | E442: =YEAR(A442) -> 2022 | F442: =MONTH(A442) -> 3 | G442: 15.9 | H442: 34.6 | I442: 100 | J442: 2.2 | K442: 2.4 | L442: วันทำงานปกติ
A443: 44638 | B443: 14 | C443: =IF(NOT(ISNUMBER(B443)),"",ROUND((INDEX(BP!$D$5:$D$9,MATCH(B443,BP!$A$5:$A$9,1))-INDEX(BP!$C$5:$C$9,MATCH(B443,BP!$A$5:$A$9,1)))/(INDEX(BP!$B$5:$B$9,MATCH(B443,BP!$A$5:$A$9,1))-INDEX(BP!$A$5:$A$9,MATCH(B443,BP!$A$5:$A$9,1)))*(B443-INDEX(BP!$A$5:$A$9,MATCH(B443,BP!$A$5:$A$9,1)))+INDEX(BP!$C$5:$C$9,MATCH(B443,BP!$A$5:$A$9,1)),0)) -> 23 | D443: =IF(NOT(ISNUMBER(C443)),"",INDEX(BP!$F$5:$F$9,MATCH(C443,BP!$E$5:$E$9,1))) -> ดีมาก | E443: =YEAR(A443) -> 2022 | F443: =MONTH(A443) -> 3 | G443: 11.6 | H443: 28.8 | I443: 109 | J443: 0.8 | K443: 2.2 | L443: วันทำงานปกติ
A444: 44639 | B444: 14 | C444: =IF(NOT(ISNUMBER(B444)),"",ROUND((INDEX(BP!$D$5:$D$9,MATCH(B444,BP!$A$5:$A$9,1))-INDEX(BP!$C$5:$C$9,MATCH(B444,BP!$A$5:$A$9,1)))/(INDEX(BP!$B$5:$B$9,MATCH(B444,BP!$A$5:$A$9,1))-INDEX(BP!$A$5:$A$9,MATCH(B444,BP!$A$5:$A$9,1)))*(B444-INDEX(BP!$A$5:$A$9,MATCH(B444,BP!$A$5:$A$9,1)))+INDEX(BP!$C$5:$C$9,MATCH(B444,BP!$A$5:$A$9,1)),0)) -> 23 | D444: =IF(NOT(ISNUMBER(C444)),"",INDEX(BP!$F$5:$F$9,MATCH(C444,BP!$E$5:$E$9,1))) -> ดีมาก | E444: =YEAR(A444) -> 2022 | F444: =MONTH(A444) -> 3 | G444: 13.2 | H444: 30.2 | I444: 115 | J444: 22.2 | K444: 0.2 | L444: วันหยุดสุดสัปดาห์
A445: 44640 | B445: 13 | C445: =IF(NOT(ISNUMBER(B445)),"",ROUND((INDEX(BP!$D$5:$D$9,MATCH(B445,BP!$A$5:$A$9,1))-INDEX(BP!$C$5:$C$9,MATCH(B445,BP!$A$5:$A$9,1)))/(INDEX(BP!$B$5:$B$9,MATCH(B445,BP!$A$5:$A$9,1))-INDEX(BP!$A$5:$A$9,MATCH(B445,BP!$A$5:$A$9,1)))*(B445-INDEX(BP!$A$5:$A$9,MATCH(B445,BP!$A$5:$A$9,1)))+INDEX(BP!$C$5:$C$9,MATCH(B445,BP!$A$5:$A$9,1)),0)) -> 22 | D445: =IF(NOT(ISNUMBER(C445)),"",INDEX(BP!$F$5:$F$9,MATCH(C445,BP!$E$5:$E$9,1))) -> ดีมาก | E445: =YEAR(A445) -> 2022 | F445: =MONTH(A445) -> 3 | G445: 10.7 | H445: 29.5 | I445: 118 | J445: 19.2 | K445: 8.4 | L445: วันหยุดสุดสัปดาห์
A446: 44641 | B446: 14 | C446: =IF(NOT(ISNUMBER(B446)),"",ROUND((INDEX(BP!$D$5:$D$9,MATCH(B446,BP!$A$5:$A$9,1))-INDEX(BP!$C$5:$C$9,MATCH(B446,BP!$A$5:$A$9,1)))/(INDEX(BP!$B$5:$B$9,MATCH(B446,BP!$A$5:$A$9,1))-INDEX(BP!$A$5:$A$9,MATCH(B446,BP!$A$5:$A$9,1)))*(B446-INDEX(BP!$A$5:$A$9,MATCH(B446,BP!$A$5:$A$9,1)))+INDEX(BP!$C$5:$C$9,MATCH(B446,BP!$A$5:$A$9,1)),0)) -> 23 | D446: =IF(NOT(ISNUMBER(C446)),"",INDEX(BP!$F$5:$F$9,MATCH(C446,BP!$E$5:$E$9,1))) -> ดีมาก | E446: =YEAR(A446) -> 2022 | F446: =MONTH(A446) -> 3 | G446: 8.9 | H446: 24.1 | I446: 164 | J446: 14.7 | K446: 0 | L446: วันทำงานปกติ
A447: 44642 | B447: 12 | C447: =IF(NOT(ISNUMBER(B447)),"",ROUND((INDEX(BP!$D$5:$D$9,MATCH(B447,BP!$A$5:$A$9,1))-INDEX(BP!$C$5:$C$9,MATCH(B447,BP!$A$5:$A$9,1)))/(INDEX(BP!$B$5:$B$9,MATCH(B447,BP!$A$5:$A$9,1))-INDEX(BP!$A$5:$A$9,MATCH(B447,BP!$A$5:$A$9,1)))*(B447-INDEX(BP!$A$5:$A$9,MATCH(B447,BP!$A$5:$A$9,1)))+INDEX(BP!$C$5:$C$9,MATCH(B447,BP!$A$5:$A$9,1)),0)) -> 20 | D447: =IF(NOT(ISNUMBER(C447)),"",INDEX(BP!$F$5:$F$9,MATCH(C447,BP!$E$5:$E$9,1))) -> ดีมาก | E447: =YEAR(A447) -> 2022 | F447: =MONTH(A447) -> 3 | G447: 11.2 | H447: 25.9 | I447: 105 | J447: 4.9 | K447: 11.2 | L447: วันทำงานปกติ
A448: 44643 | B448: 14 | C448: =IF(NOT(ISNUMBER(B448)),"",ROUND((INDEX(BP!$D$5:$D$9,MATCH(B448,BP!$A$5:$A$9,1))-INDEX(BP!$C$5:$C$9,MATCH(B448,BP!$A$5:$A$9,1)))/(INDEX(BP!$B$5:$B$9,MATCH(B448,BP!$A$5:$A$9,1))-INDEX(BP!$A$5:$A$9,MATCH(B448,BP!$A$5:$A$9,1)))*(B448-INDEX(BP!$A$5:$A$9,MATCH(B448,BP!$A$5:$A$9,1)))+INDEX(BP!$C$5:$C$9,MATCH(B448,BP!$A$5:$A$9,1)),0)) -> 23 | D448: =IF(NOT(ISNUMBER(C448)),"",INDEX(BP!$F$5:$F$9,MATCH(C448,BP!$E$5:$E$9,1))) -> ดีมาก | E448: =YEAR(A448) -> 2022 | F448: =MONTH(A448) -> 3 | G448: 10.7 | H448: 23 | I448: 102 | J448: 4.3 | K448: 0 | L448: วันทำงานปกติ
A449: 44644 | B449: 15 | C449: =IF(NOT(ISNUMBER(B449)),"",ROUND((INDEX(BP!$D$5:$D$9,MATCH(B449,BP!$A$5:$A$9,1))-INDEX(BP!$C$5:$C$9,MATCH(B449,BP!$A$5:$A$9,1)))/(INDEX(BP!$B$5:$B$9,MATCH(B449,BP!$A$5:$A$9,1))-INDEX(BP!$A$5:$A$9,MATCH(B449,BP!$A$5:$A$9,1)))*(B449-INDEX(BP!$A$5:$A$9,MATCH(B449,BP!$A$5:$A$9,1)))+INDEX(BP!$C$5:$C$9,MATCH(B449,BP!$A$5:$A$9,1)),0)) -> 25 | D449: =IF(NOT(ISNUMBER(C449)),"",INDEX(BP!$F$5:$F$9,MATCH(C449,BP!$E$5:$E$9,1))) -> ดีมาก | E449: =YEAR(A449) -> 2022 | F449: =MONTH(A449) -> 3 | G449: 12.5 | H449: 29.9 | I449: 81 | J449: 0.5 | K449: 0 | L449: วันทำงานปกติ
A450: 44645 | B450: 15 | C450: =IF(NOT(ISNUMBER(B450)),"",ROUND((INDEX(BP!$D$5:$D$9,MATCH(B450,BP!$A$5:$A$9,1))-INDEX(BP!$C$5:$C$9,MATCH(B450,BP!$A$5:$A$9,1)))/(INDEX(BP!$B$5:$B$9,MATCH(B450,BP!$A$5:$A$9,1))-INDEX(BP!$A$5:$A$9,MATCH(B450,BP!$A$5:$A$9,1)))*(B450-INDEX(BP!$A$5:$A$9,MATCH(B450,BP!$A$5:$A$9,1)))+INDEX(BP!$C$5:$C$9,MATCH(B450,BP!$A$5:$A$9,1)),0)) -> 25 | D450: =IF(NOT(ISNUMBER(C450)),"",INDEX(BP!$F$5:$F$9,MATCH(C450,BP!$E$5:$E$9,1))) -> ดีมาก | E450: =YEAR(A450) -> 2022 | F450: =MONTH(A450) -> 3 | G450: 10.2 | H450: 27.4 | I450: 93 | J450: 3.7 | K450: 0 | L450: วันทำงานปกติ
A451: 44646 | B451: 17 | C451: =IF(NOT(ISNUMBER(B451)),"",ROUND((INDEX(BP!$D$5:$D$9,MATCH(B451,BP!$A$5:$A$9,1))-INDEX(BP!$C$5:$C$9,MATCH(B451,BP!$A$5:$A$9,1)))/(INDEX(BP!$B$5:$B$9,MATCH(B451,BP!$A$5:$A$9,1))-INDEX(BP!$A$5:$A$9,MATCH(B451,BP!$A$5:$A$9,1)))*(B451-INDEX(BP!$A$5:$A$9,MATCH(B451,BP!$A$5:$A$9,1)))+INDEX(BP!$C$5:$C$9,MATCH(B451,BP!$A$5:$A$9,1)),0)) -> 31 | D451: =IF(NOT(ISNUMBER(C451)),"",INDEX(BP!$F$5:$F$9,MATCH(C451,BP!$E$5:$E$9,1))) -> ดี | E451: =YEAR(A451) -> 2022 | F451: =MONTH(A451) -> 3 | G451: 11.5 | H451: 28.4 | I451: 75 | J451: 1 | K451: 0 | L451: วันหยุดสุดสัปดาห์
A452: 44647 | B452: 20 | C452: =IF(NOT(ISNUMBER(B452)),"",ROUND((INDEX(BP!$D$5:$D$9,MATCH(B452,BP!$A$5:$A$9,1))-INDEX(BP!$C$5:$C$9,MATCH(B452,BP!$A$5:$A$9,1)))/(INDEX(BP!$B$5:$B$9,MATCH(B452,BP!$A$5:$A$9,1))-INDEX(BP!$A$5:$A$9,MATCH(B452,BP!$A$5:$A$9,1)))*(B452-INDEX(BP!$A$5:$A$9,MATCH(B452,BP!$A$5:$A$9,1)))+INDEX(BP!$C$5:$C$9,MATCH(B452,BP!$A$5:$A$9,1)),0)) -> 38 | D452: =IF(NOT(ISNUMBER(C452)),"",INDEX(BP!$F$5:$F$9,MATCH(C452,BP!$E$5:$E$9,1))) -> ดี | E452: =YEAR(A452) -> 2022 | F452: =MONTH(A452) -> 3 | G452: 10.4 | H452: 23 | I452: 242 | J452: 0.4 | K452: 4.2 | L452: วันหยุดสุดสัปดาห์
A453: 44648 | B453: 22 | C453: =IF(NOT(ISNUMBER(B453)),"",ROUND((INDEX(BP!$D$5:$D$9,MATCH(B453,BP!$A$5:$A$9,1))-INDEX(BP!$C$5:$C$9,MATCH(B453,BP!$A$5:$A$9,1)))/(INDEX(BP!$B$5:$B$9,MATCH(B453,BP!$A$5:$A$9,1))-INDEX(BP!$A$5:$A$9,MATCH(B453,BP!$A$5:$A$9,1)))*(B453-INDEX(BP!$A$5:$A$9,MATCH(B453,BP!$A$5:$A$9,1)))+INDEX(BP!$C$5:$C$9,MATCH(B453,BP!$A$5:$A$9,1)),0)) -> 43 | D453: =IF(NOT(ISNUMBER(C453)),"",INDEX(BP!$F$5:$F$9,MATCH(C453,BP!$E$5:$E$9,1))) -> ดี | E453: =YEAR(A453) -> 2022 | F453: =MONTH(A453) -> 3 | G453: 10.3 | H453: 22.3 | I453: 220 | J453: 0 | K453: 0 | L453: วันทำงานปกติ
A454: 44649 | C454: =IF(NOT(ISNUMBER(B454)),"",ROUND((INDEX(BP!$D$5:$D$9,MATCH(B454,BP!$A$5:$A$9,1))-INDEX(BP!$C$5:$C$9,MATCH(B454,BP!$A$5:$A$9,1)))/(INDEX(BP!$B$5:$B$9,MATCH(B454,BP!$A$5:$A$9,1))-INDEX(BP!$A$5:$A$9,MATCH(B454,BP!$A$5:$A$9,1)))*(B454-INDEX(BP!$A$5:$A$9,MATCH(B454,BP!$A$5:$A$9,1)))+INDEX(BP!$C$5:$C$9,MATCH(B454,BP!$A$5:$A$9,1)),0)) | D454: =IF(NOT(ISNUMBER(C454)),"",INDEX(BP!$F$5:$F$9,MATCH(C454,BP!$E$5:$E$9,1))) | E454: =YEAR(A454) -> 2022 | F454: =MONTH(A454) -> 3 | G454: 12 | H454: 27.7 | I454: 94 | J454: 0 | K454: 0 | L454: วันทำงานปกติ
A455: 44650 | B455: 14 | C455: =IF(NOT(ISNUMBER(B455)),"",ROUND((INDEX(BP!$D$5:$D$9,MATCH(B455,BP!$A$5:$A$9,1))-INDEX(BP!$C$5:$C$9,MATCH(B455,BP!$A$5:$A$9,1)))/(INDEX(BP!$B$5:$B$9,MATCH(B455,BP!$A$5:$A$9,1))-INDEX(BP!$A$5:$A$9,MATCH(B455,BP!$A$5:$A$9,1)))*(B455-INDEX(BP!$A$5:$A$9,MATCH(B455,BP!$A$5:$A$9,1)))+INDEX(BP!$C$5:$C$9,MATCH(B455,BP!$A$5:$A$9,1)),0)) -> 23 | D455: =IF(NOT(ISNUMBER(C455)),"",INDEX(BP!$F$5:$F$9,MATCH(C455,BP!$E$5:$E$9,1))) -> ดีมาก | E455: =YEAR(A455) -> 2022 | F455: =MONTH(A455) -> 3 | G455: 10.6 | H455: 27 | I455: 46 | J455: 1 | K455: 0.8 | L455: วันทำงานปกติ
A456: 44651 | B456: 20 | C456: =IF(NOT(ISNUMBER(B456)),"",ROUND((INDEX(BP!$D$5:$D$9,MATCH(B456,BP!$A$5:$A$9,1))-INDEX(BP!$C$5:$C$9,MATCH(B456,BP!$A$5:$A$9,1)))/(INDEX(BP!$B$5:$B$9,MATCH(B456,BP!$A$5:$A$9,1))-INDEX(BP!$A$5:$A$9,MATCH(B456,BP!$A$5:$A$9,1)))*(B456-INDEX(BP!$A$5:$A$9,MATCH(B456,BP!$A$5:$A$9,1)))+INDEX(BP!$C$5:$C$9,MATCH(B456,BP!$A$5:$A$9,1)),0)) -> 38 | D456: =IF(NOT(ISNUMBER(C456)),"",INDEX(BP!$F$5:$F$9,MATCH(C456,BP!$E$5:$E$9,1))) -> ดี | E456: =YEAR(A456) -> 2022 | F456: =MONTH(A456) -> 3 | G456: 11.7 | H456: 26.6 | I456: 245 | J456: 2.5 | K456: 15.2 | L456: วันทำงานปกติ
A457: 44652 | B457: 18 | C457: =IF(NOT(ISNUMBER(B457)),"",ROUND((INDEX(BP!$D$5:$D$9,MATCH(B457,BP!$A$5:$A$9,1))-INDEX(BP!$C$5:$C$9,MATCH(B457,BP!$A$5:$A$9,1)))/(INDEX(BP!$B$5:$B$9,MATCH(B457,BP!$A$5:$A$9,1))-INDEX(BP!$A$5:$A$9,MATCH(B457,BP!$A$5:$A$9,1)))*(B457-INDEX(BP!$A$5:$A$9,MATCH(B457,BP!$A$5:$A$9,1)))+INDEX(BP!$C$5:$C$9,MATCH(B457,BP!$A$5:$A$9,1)),0)) -> 33 | D457: =IF(NOT(ISNUMBER(C457)),"",INDEX(BP!$F$5:$F$9,MATCH(C457,BP!$E$5:$E$9,1))) -> ดี | E457: =YEAR(A457) -> 2022 | F457: =MONTH(A457) -> 4 | G457: 10.2 | H457: 27.7 | I457: 242 | J457: 5.1 | K457: 0 | L457: วันทำงานปกติ
A458: 44653 | B458: 20 | C458: =IF(NOT(ISNUMBER(B458)),"",ROUND((INDEX(BP!$D$5:$D$9,MATCH(B458,BP!$A$5:$A$9,1))-INDEX(BP!$C$5:$C$9,MATCH(B458,BP!$A$5:$A$9,1)))/(INDEX(BP!$B$5:$B$9,MATCH(B458,BP!$A$5:$A$9,1))-INDEX(BP!$A$5:$A$9,MATCH(B458,BP!$A$5:$A$9,1)))*(B458-INDEX(BP!$A$5:$A$9,MATCH(B458,BP!$A$5:$A$9,1)))+INDEX(BP!$C$5:$C$9,MATCH(B458,BP!$A$5:$A$9,1)),0)) -> 38 | D458: =IF(NOT(ISNUMBER(C458)),"",INDEX(BP!$F$5:$F$9,MATCH(C458,BP!$E$5:$E$9,1))) -> ดี | E458: =YEAR(A458) -> 2022 | F458: =MONTH(A458) -> 4 | G458: 15.5 | H458: 34.9 | I458: 353 | J458: 23.6 | K458: 16.6 | L458: วันหยุดสุดสัปดาห์
A459: 44654 | B459: 15 | C459: =IF(NOT(ISNUMBER(B459)),"",ROUND((INDEX(BP!$D$5:$D$9,MATCH(B459,BP!$A$5:$A$9,1))-INDEX(BP!$C$5:$C$9,MATCH(B459,BP!$A$5:$A$9,1)))/(INDEX(BP!$B$5:$B$9,MATCH(B459,BP!$A$5:$A$9,1))-INDEX(BP!$A$5:$A$9,MATCH(B459,BP!$A$5:$A$9,1)))*(B459-INDEX(BP!$A$5:$A$9,MATCH(B459,BP!$A$5:$A$9,1)))+INDEX(BP!$C$5:$C$9,MATCH(B459,BP!$A$5:$A$9,1)),0)) -> 25 | D459: =IF(NOT(ISNUMBER(C459)),"",INDEX(BP!$F$5:$F$9,MATCH(C459,BP!$E$5:$E$9,1))) -> ดีมาก | E459: =YEAR(A459) -> 2022 | F459: =MONTH(A459) -> 4 | G459: 12.8 | H459: 29.2 | I459: 8 | J459: 28.3 | K459: 0 | L459: วันหยุดสุดสัปดาห์
A460: 44655 | B460: 9 | C460: =IF(NOT(ISNUMBER(B460)),"",ROUND((INDEX(BP!$D$5:$D$9,MATCH(B460,BP!$A$5:$A$9,1))-INDEX(BP!$C$5:$C$9,MATCH(B460,BP!$A$5:$A$9,1)))/(INDEX(BP!$B$5:$B$9,MATCH(B460,BP!$A$5:$A$9,1))-INDEX(BP!$A$5:$A$9,MATCH(B460,BP!$A$5:$A$9,1)))*(B460-INDEX(BP!$A$5:$A$9,MATCH(B460,BP!$A$5:$A$9,1)))+INDEX(BP!$C$5:$C$9,MATCH(B460,BP!$A$5:$A$9,1)),0)) -> 15 | D460: =IF(NOT(ISNUMBER(C460)),"",INDEX(BP!$F$5:$F$9,MATCH(C460,BP!$E$5:$E$9,1))) -> ดีมาก | E460: =YEAR(A460) -> 2022 | F460: =MONTH(A460) -> 4 | G460: 16.1 | H460: 34.2 | I460: 88 | J460: 24.6 | K460: 6.2 | L460: วันทำงานปกติ
A461: 44656 | B461: 10 | C461: =IF(NOT(ISNUMBER(B461)),"",ROUND((INDEX(BP!$D$5:$D$9,MATCH(B461,BP!$A$5:$A$9,1))-INDEX(BP!$C$5:$C$9,MATCH(B461,BP!$A$5:$A$9,1)))/(INDEX(BP!$B$5:$B$9,MATCH(B461,BP!$A$5:$A$9,1))-INDEX(BP!$A$5:$A$9,MATCH(B461,BP!$A$5:$A$9,1)))*(B461-INDEX(BP!$A$5:$A$9,MATCH(B461,BP!$A$5:$A$9,1)))+INDEX(BP!$C$5:$C$9,MATCH(B461,BP!$A$5:$A$9,1)),0)) -> 17 | D461: =IF(NOT(ISNUMBER(C461)),"",INDEX(BP!$F$5:$F$9,MATCH(C461,BP!$E$5:$E$9,1))) -> ดีมาก | E461: =YEAR(A461) -> 2022 | F461: =MONTH(A461) -> 4 | G461: 19.1 | H461: 41 | I461: 91 | J461: 23.4 | K461: 5.2 | L461: วันทำงานปกติ
A462: 44657 | B462: 11 | C462: =IF(NOT(ISNUMBER(B462)),"",ROUND((INDEX(BP!$D$5:$D$9,MATCH(B462,BP!$A$5:$A$9,1))-INDEX(BP!$C$5:$C$9,MATCH(B462,BP!$A$5:$A$9,1)))/(INDEX(BP!$B$5:$B$9,MATCH(B462,BP!$A$5:$A$9,1))-INDEX(BP!$A$5:$A$9,MATCH(B462,BP!$A$5:$A$9,1)))*(B462-INDEX(BP!$A$5:$A$9,MATCH(B462,BP!$A$5:$A$9,1)))+INDEX(BP!$C$5:$C$9,MATCH(B462,BP!$A$5:$A$9,1)),0)) -> 18 | D462: =IF(NOT(ISNUMBER(C462)),"",INDEX(BP!$F$5:$F$9,MATCH(C462,BP!$E$5:$E$9,1))) -> ดีมาก | E462: =YEAR(A462) -> 2022 | F462: =MONTH(A462) -> 4 | G462: 16.3 | H462: 34.6 | I462: 80 | J462: 9.7 | K462: 13.8 | L462: วันหยุดราชการ/นักขัตฤกษ์
A463: 44658 | B463: 13 | C463: =IF(NOT(ISNUMBER(B463)),"",ROUND((INDEX(BP!$D$5:$D$9,MATCH(B463,BP!$A$5:$A$9,1))-INDEX(BP!$C$5:$C$9,MATCH(B463,BP!$A$5:$A$9,1)))/(INDEX(BP!$B$5:$B$9,MATCH(B463,BP!$A$5:$A$9,1))-INDEX(BP!$A$5:$A$9,MATCH(B463,BP!$A$5:$A$9,1)))*(B463-INDEX(BP!$A$5:$A$9,MATCH(B463,BP!$A$5:$A$9,1)))+INDEX(BP!$C$5:$C$9,MATCH(B463,BP!$A$5:$A$9,1)),0)) -> 22 | D463: =IF(NOT(ISNUMBER(C463)),"",INDEX(BP!$F$5:$F$9,MATCH(C463,BP!$E$5:$E$9,1))) -> ดีมาก | E463: =YEAR(A463) -> 2022 | F463: =MONTH(A463) -> 4 | G463: 14.4 | H463: 32 | I463: 98 | J463: 6.4 | K463: 0 | L463: วันทำงานปกติ
A464: 44659 | B464: 18 | C464: =IF(NOT(ISNUMBER(B464)),"",ROUND((INDEX(BP!$D$5:$D$9,MATCH(B464,BP!$A$5:$A$9,1))-INDEX(BP!$C$5:$C$9,MATCH(B464,BP!$A$5:$A$9,1)))/(INDEX(BP!$B$5:$B$9,MATCH(B464,BP!$A$5:$A$9,1))-INDEX(BP!$A$5:$A$9,MATCH(B464,BP!$A$5:$A$9,1)))*(B464-INDEX(BP!$A$5:$A$9,MATCH(B464,BP!$A$5:$A$9,1)))+INDEX(BP!$C$5:$C$9,MATCH(B464,BP!$A$5:$A$9,1)),0)) -> 33 | D464: =IF(NOT(ISNUMBER(C464)),"",INDEX(BP!$F$5:$F$9,MATCH(C464,BP!$E$5:$E$9,1))) -> ดี | E464: =YEAR(A464) -> 2022 | F464: =MONTH(A464) -> 4 | G464: 10.9 | H464: 25.6 | I464: 84 | J464: 4.5 | K464: 1.6 | L464: วันทำงานปกติ
A465: 44660 | B465: 17 | C465: =IF(NOT(ISNUMBER(B465)),"",ROUND((INDEX(BP!$D$5:$D$9,MATCH(B465,BP!$A$5:$A$9,1))-INDEX(BP!$C$5:$C$9,MATCH(B465,BP!$A$5:$A$9,1)))/(INDEX(BP!$B$5:$B$9,MATCH(B465,BP!$A$5:$A$9,1))-INDEX(BP!$A$5:$A$9,MATCH(B465,BP!$A$5:$A$9,1)))*(B465-INDEX(BP!$A$5:$A$9,MATCH(B465,BP!$A$5:$A$9,1)))+INDEX(BP!$C$5:$C$9,MATCH(B465,BP!$A$5:$A$9,1)),0)) -> 31 | D465: =IF(NOT(ISNUMBER(C465)),"",INDEX(BP!$F$5:$F$9,MATCH(C465,BP!$E$5:$E$9,1))) -> ดี | E465: =YEAR(A465) -> 2022 | F465: =MONTH(A465) -> 4 | G465: 11.4 | H465: 23.4 | I465: 91 | J465: 1.3 | K465: 0 | L465: วันหยุดสุดสัปดาห์
A466: 44661 | B466: 22 | C466: =IF(NOT(ISNUMBER(B466)),"",ROUND((INDEX(BP!$D$5:$D$9,MATCH(B466,BP!$A$5:$A$9,1))-INDEX(BP!$C$5:$C$9,MATCH(B466,BP!$A$5:$A$9,1)))/(INDEX(BP!$B$5:$B$9,MATCH(B466,BP!$A$5:$A$9,1))-INDEX(BP!$A$5:$A$9,MATCH(B466,BP!$A$5:$A$9,1)))*(B466-INDEX(BP!$A$5:$A$9,MATCH(B466,BP!$A$5:$A$9,1)))+INDEX(BP!$C$5:$C$9,MATCH(B466,BP!$A$5:$A$9,1)),0)) -> 43 | D466: =IF(NOT(ISNUMBER(C466)),"",INDEX(BP!$F$5:$F$9,MATCH(C466,BP!$E$5:$E$9,1))) -> ดี | E466: =YEAR(A466) -> 2022 | F466: =MONTH(A466) -> 4 | G466: 10.8 | H466: 23.8 | I466: 93 | J466: 0 | K466: 0 | L466: วันหยุดสุดสัปดาห์
... A748: 44943 | B748: 17 | C748: =IF(NOT(ISNUMBER(B748)),"",ROUND((INDEX(BP!$D$5:$D$9,MATCH(B748,BP!$A$5:$A$9,1))-INDEX(BP!$C$5:$C$9,MATCH(B748,BP!$A$5:$A$9,1)))/(INDEX(BP!$B$5:$B$9,MATCH(B748,BP!$A$5:$A$9,1))-INDEX(BP!$A$5:$A$9,MATCH(B748,BP!$A$5:$A$9,1)))*(B748-INDEX(BP!$A$5:$A$9,MATCH(B748,BP!$A$5:$A$9,1)))+INDEX(BP!$C$5:$C$9,MATCH(B748,BP!$A$5:$A$9,1)),0)) -> 31 | D748: =IF(NOT(ISNUMBER(C748)),"",INDEX(BP!$F$5:$F$9,MATCH(C748,BP!$E$5:$E$9,1))) -> ดี | E748: =YEAR(A748) -> 2023 | F748: =MONTH(A748) -> 1 | G748: 16.9 | H748: 34.6 | I748: 70 | J748: 0.9 | K748: 0 | L748: วันทำงานปกติ
A749: 44944 | C749: =IF(NOT(ISNUMBER(B749)),"",ROUND((INDEX(BP!$D$5:$D$9,MATCH(B749,BP!$A$5:$A$9,1))-INDEX(BP!$C$5:$C$9,MATCH(B749,BP!$A$5:$A$9,1)))/(INDEX(BP!$B$5:$B$9,MATCH(B749,BP!$A$5:$A$9,1))-INDEX(BP!$A$5:$A$9,MATCH(B749,BP!$A$5:$A$9,1)))*(B749-INDEX(BP!$A$5:$A$9,MATCH(B749,BP!$A$5:$A$9,1)))+INDEX(BP!$C$5:$C$9,MATCH(B749,BP!$A$5:$A$9,1)),0)) | D749: =IF(NOT(ISNUMBER(C749)),"",INDEX(BP!$F$5:$F$9,MATCH(C749,BP!$E$5:$E$9,1))) | E749: =YEAR(A749) -> 2023 | F749: =MONTH(A749) -> 1 | G749: 23.1 | H749: 47.9 | I749: 87 | J749: 4.2 | K749: 4 | L749: วันทำงานปกติ
A750: 44945 | B750: 19 | C750: =IF(NOT(ISNUMBER(B750)),"",ROUND((INDEX(BP!$D$5:$D$9,MATCH(B750,BP!$A$5:$A$9,1))-INDEX(BP!$C$5:$C$9,MATCH(B750,BP!$A$5:$A$9,1)))/(INDEX(BP!$B$5:$B$9,MATCH(B750,BP!$A$5:$A$9,1))-INDEX(BP!$A$5:$A$9,MATCH(B750,BP!$A$5:$A$9,1)))*(B750-INDEX(BP!$A$5:$A$9,MATCH(B750,BP!$A$5:$A$9,1)))+INDEX(BP!$C$5:$C$9,MATCH(B750,BP!$A$5:$A$9,1)),0)) -> 35 | D750: =IF(NOT(ISNUMBER(C750)),"",INDEX(BP!$F$5:$F$9,MATCH(C750,BP!$E$5:$E$9,1))) -> ดี | E750: =YEAR(A750) -> 2023 | F750: =MONTH(A750) -> 1 | G750: 22.4 | H750: 45.4 | I750: 69 | J750: 2.5 | K750: 29.8 | L750: วันทำงานปกติ
A751: 44946 | B751: 20 | C751: =IF(NOT(ISNUMBER(B751)),"",ROUND((INDEX(BP!$D$5:$D$9,MATCH(B751,BP!$A$5:$A$9,1))-INDEX(BP!$C$5:$C$9,MATCH(B751,BP!$A$5:$A$9,1)))/(INDEX(BP!$B$5:$B$9,MATCH(B751,BP!$A$5:$A$9,1))-INDEX(BP!$A$5:$A$9,MATCH(B751,BP!$A$5:$A$9,1)))*(B751-INDEX(BP!$A$5:$A$9,MATCH(B751,BP!$A$5:$A$9,1)))+INDEX(BP!$C$5:$C$9,MATCH(B751,BP!$A$5:$A$9,1)),0)) -> 38 | D751: =IF(NOT(ISNUMBER(C751)),"",INDEX(BP!$F$5:$F$9,MATCH(C751,BP!$E$5:$E$9,1))) -> ดี | E751: =YEAR(A751) -> 2023 | F751: =MONTH(A751) -> 1 | G751: 18.8 | H751: 42.1 | I751: 80 | J751: 16.5 | K751: 20.4 | L751: วันทำงานปกติ
A752: 44947 | B752: 22 | C752: =IF(NOT(ISNUMBER(B752)),"",ROUND((INDEX(BP!$D$5:$D$9,MATCH(B752,BP!$A$5:$A$9,1))-INDEX(BP!$C$5:$C$9,MATCH(B752,BP!$A$5:$A$9,1)))/(INDEX(BP!$B$5:$B$9,MATCH(B752,BP!$A$5:$A$9,1))-INDEX(BP!$A$5:$A$9,MATCH(B752,BP!$A$5:$A$9,1)))*(B752-INDEX(BP!$A$5:$A$9,MATCH(B752,BP!$A$5:$A$9,1)))+INDEX(BP!$C$5:$C$9,MATCH(B752,BP!$A$5:$A$9,1)),0)) -> 43 | D752: =IF(NOT(ISNUMBER(C752)),"",INDEX(BP!$F$5:$F$9,MATCH(C752,BP!$E$5:$E$9,1))) -> ดี | E752: =YEAR(A752) -> 2023 | F752: =MONTH(A752) -> 1 | G752: 18.7 | H752: 41.4 | I752: 72 | J752: 16.3 | K752: 23.6 | L752: วันหยุดสุดสัปดาห์
A753: 44948 | B753: 13 | C753: =IF(NOT(ISNUMBER(B753)),"",ROUND((INDEX(BP!$D$5:$D$9,MATCH(B753,BP!$A$5:$A$9,1))-INDEX(BP!$C$5:$C$9,MATCH(B753,BP!$A$5:$A$9,1)))/(INDEX(BP!$B$5:$B$9,MATCH(B753,BP!$A$5:$A$9,1))-INDEX(BP!$A$5:$A$9,MATCH(B753,BP!$A$5:$A$9,1)))*(B753-INDEX(BP!$A$5:$A$9,MATCH(B753,BP!$A$5:$A$9,1)))+INDEX(BP!$C$5:$C$9,MATCH(B753,BP!$A$5:$A$9,1)),0)) -> 22 | D753: =IF(NOT(ISNUMBER(C753)),"",INDEX(BP!$F$5:$F$9,MATCH(C753,BP!$E$5:$E$9,1))) -> ดีมาก | E753: =YEAR(A753) -> 2023 | F753: =MONTH(A753) -> 1 | G753: 16.7 | H753: 41.4 | I753: 81 | J753: 14.3 | K753: 0.6 | L753: วันหยุดสุดสัปดาห์
A754: 44949 | B754: 11 | C754: =IF(NOT(ISNUMBER(B754)),"",ROUND((INDEX(BP!$D$5:$D$9,MATCH(B754,BP!$A$5:$A$9,1))-INDEX(BP!$C$5:$C$9,MATCH(B754,BP!$A$5:$A$9,1)))/(INDEX(BP!$B$5:$B$9,MATCH(B754,BP!$A$5:$A$9,1))-INDEX(BP!$A$5:$A$9,MATCH(B754,BP!$A$5:$A$9,1)))*(B754-INDEX(BP!$A$5:$A$9,MATCH(B754,BP!$A$5:$A$9,1)))+INDEX(BP!$C$5:$C$9,MATCH(B754,BP!$A$5:$A$9,1)),0)) -> 18 | D754: =IF(NOT(ISNUMBER(C754)),"",INDEX(BP!$F$5:$F$9,MATCH(C754,BP!$E$5:$E$9,1))) -> ดีมาก | E754: =YEAR(A754) -> 2023 | F754: =MONTH(A754) -> 1 | G754: 22.3 | H754: 47.2 | I754: 82 | J754: 2.4 | K754: 2.6 | L754: วันทำงานปกติ
A755: 44950 | B755: 12 | C755: =IF(NOT(ISNUMBER(B755)),"",ROUND((INDEX(BP!$D$5:$D$9,MATCH(B755,BP!$A$5:$A$9,1))-INDEX(BP!$C$5:$C$9,MATCH(B755,BP!$A$5:$A$9,1)))/(INDEX(BP!$B$5:$B$9,MATCH(B755,BP!$A$5:$A$9,1))-INDEX(BP!$A$5:$A$9,MATCH(B755,BP!$A$5:$A$9,1)))*(B755-INDEX(BP!$A$5:$A$9,MATCH(B755,BP!$A$5:$A$9,1)))+INDEX(BP!$C$5:$C$9,MATCH(B755,BP!$A$5:$A$9,1)),0)) -> 20 | D755: =IF(NOT(ISNUMBER(C755)),"",INDEX(BP!$F$5:$F$9,MATCH(C755,BP!$E$5:$E$9,1))) -> ดีมาก | E755: =YEAR(A755) -> 2023 | F755: =MONTH(A755) -> 1 | G755: 25.8 | H755: 51.1 | I755: 88 | J755: 7.8 | K755: 2.2 | L755: วันทำงานปกติ
A756: 44951 | B756: 14 | C756: =IF(NOT(ISNUMBER(B756)),"",ROUND((INDEX(BP!$D$5:$D$9,MATCH(B756,BP!$A$5:$A$9,1))-INDEX(BP!$C$5:$C$9,MATCH(B756,BP!$A$5:$A$9,1)))/(INDEX(BP!$B$5:$B$9,MATCH(B756,BP!$A$5:$A$9,1))-INDEX(BP!$A$5:$A$9,MATCH(B756,BP!$A$5:$A$9,1)))*(B756-INDEX(BP!$A$5:$A$9,MATCH(B756,BP!$A$5:$A$9,1)))+INDEX(BP!$C$5:$C$9,MATCH(B756,BP!$A$5:$A$9,1)),0)) -> 23 | D756: =IF(NOT(ISNUMBER(C756)),"",INDEX(BP!$F$5:$F$9,MATCH(C756,BP!$E$5:$E$9,1))) -> ดีมาก | E756: =YEAR(A756) -> 2023 | F756: =MONTH(A756) -> 1 | G756: 29.6 | H756: 58 | I756: 108 | J756: 3.5 | K756: 0.6 | L756: วันทำงานปกติ
A757: 44952 | B757: 18 | C757: =IF(NOT(ISNUMBER(B757)),"",ROUND((INDEX(BP!$D$5:$D$9,MATCH(B757,BP!$A$5:$A$9,1))-INDEX(BP!$C$5:$C$9,MATCH(B757,BP!$A$5:$A$9,1)))/(INDEX(BP!$B$5:$B$9,MATCH(B757,BP!$A$5:$A$9,1))-INDEX(BP!$A$5:$A$9,MATCH(B757,BP!$A$5:$A$9,1)))*(B757-INDEX(BP!$A$5:$A$9,MATCH(B757,BP!$A$5:$A$9,1)))+INDEX(BP!$C$5:$C$9,MATCH(B757,BP!$A$5:$A$9,1)),0)) -> 33 | D757: =IF(NOT(ISNUMBER(C757)),"",INDEX(BP!$F$5:$F$9,MATCH(C757,BP!$E$5:$E$9,1))) -> ดี | E757: =YEAR(A757) -> 2023 | F757: =MONTH(A757) -> 1 | G757: 20.9 | H757: 41.8 | I757: 85 | J757: 1.1 | K757: 0 | L757: วันทำงานปกติ
A758: 44953 | B758: 21 | C758: =IF(NOT(ISNUMBER(B758)),"",ROUND((INDEX(BP!$D$5:$D$9,MATCH(B758,BP!$A$5:$A$9,1))-INDEX(BP!$C$5:$C$9,MATCH(B758,BP!$A$5:$A$9,1)))/(INDEX(BP!$B$5:$B$9,MATCH(B758,BP!$A$5:$A$9,1))-INDEX(BP!$A$5:$A$9,MATCH(B758,BP!$A$5:$A$9,1)))*(B758-INDEX(BP!$A$5:$A$9,MATCH(B758,BP!$A$5:$A$9,1)))+INDEX(BP!$C$5:$C$9,MATCH(B758,BP!$A$5:$A$9,1)),0)) -> 40 | D758: =IF(NOT(ISNUMBER(C758)),"",INDEX(BP!$F$5:$F$9,MATCH(C758,BP!$E$5:$E$9,1))) -> ดี | E758: =YEAR(A758) -> 2023 | F758: =MONTH(A758) -> 1 | G758: 16.5 | H758: 35.6 | I758: 90 | J758: 2.7 | K758: 0 | L758: วันทำงานปกติ
A759: 44954 | B759: 18 | C759: =IF(NOT(ISNUMBER(B759)),"",ROUND((INDEX(BP!$D$5:$D$9,MATCH(B759,BP!$A$5:$A$9,1))-INDEX(BP!$C$5:$C$9,MATCH(B759,BP!$A$5:$A$9,1)))/(INDEX(BP!$B$5:$B$9,MATCH(B759,BP!$A$5:$A$9,1))-INDEX(BP!$A$5:$A$9,MATCH(B759,BP!$A$5:$A$9,1)))*(B759-INDEX(BP!$A$5:$A$9,MATCH(B759,BP!$A$5:$A$9,1)))+INDEX(BP!$C$5:$C$9,MATCH(B759,BP!$A$5:$A$9,1)),0)) -> 33 | D759: =IF(NOT(ISNUMBER(C759)),"",INDEX(BP!$F$5:$F$9,MATCH(C759,BP!$E$5:$E$9,1))) -> ดี | E759: =YEAR(A759) -> 2023 | F759: =MONTH(A759) -> 1 | G759: 21.7 | H759: 38.5 | I759: 83 | J759: 14.1 | K759: 4 | L759: วันหยุดสุดสัปดาห์
A760: 44955 | B760: 13 | C760: =IF(NOT(ISNUMBER(B760)),"",ROUND((INDEX(BP!$D$5:$D$9,MATCH(B760,BP!$A$5:$A$9,1))-INDEX(BP!$C$5:$C$9,MATCH(B760,BP!$A$5:$A$9,1)))/(INDEX(BP!$B$5:$B$9,MATCH(B760,BP!$A$5:$A$9,1))-INDEX(BP!$A$5:$A$9,MATCH(B760,BP!$A$5:$A$9,1)))*(B760-INDEX(BP!$A$5:$A$9,MATCH(B760,BP!$A$5:$A$9,1)))+INDEX(BP!$C$5:$C$9,MATCH(B760,BP!$A$5:$A$9,1)),0)) -> 22 | D760: =IF(NOT(ISNUMBER(C760)),"",INDEX(BP!$F$5:$F$9,MATCH(C760,BP!$E$5:$E$9,1))) -> ดีมาก | E760: =YEAR(A760) -> 2023 | F760: =MONTH(A760) -> 1 | G760: 25 | H760: 52.9 | I760: 96 | J760: 12.1 | K760: 2 | L760: วันหยุดสุดสัปดาห์
A761: 44956 | B761: 21 | C761: =IF(NOT(ISNUMBER(B761)),"",ROUND((INDEX(BP!$D$5:$D$9,MATCH(B761,BP!$A$5:$A$9,1))-INDEX(BP!$C$5:$C$9,MATCH(B761,BP!$A$5:$A$9,1)))/(INDEX(BP!$B$5:$B$9,MATCH(B761,BP!$A$5:$A$9,1))-INDEX(BP!$A$5:$A$9,MATCH(B761,BP!$A$5:$A$9,1)))*(B761-INDEX(BP!$A$5:$A$9,MATCH(B761,BP!$A$5:$A$9,1)))+INDEX(BP!$C$5:$C$9,MATCH(B761,BP!$A$5:$A$9,1)),0)) -> 40 | D761: =IF(NOT(ISNUMBER(C761)),"",INDEX(BP!$F$5:$F$9,MATCH(C761,BP!$E$5:$E$9,1))) -> ดี | E761: =YEAR(A761) -> 2023 | F761: =MONTH(A761) -> 1 | G761: 27.2 | H761: 55.1 | I761: 80 | J761: 5.3 | K761: 2.4 | L761: วันทำงานปกติ
... A770: 44965 | B770: 13 | C770: =IF(NOT(ISNUMBER(B770)),"",ROUND((INDEX(BP!$D$5:$D$9,MATCH(B770,BP!$A$5:$A$9,1))-INDEX(BP!$C$5:$C$9,MATCH(B770,BP!$A$5:$A$9,1)))/(INDEX(BP!$B$5:$B$9,MATCH(B770,BP!$A$5:$A$9,1))-INDEX(BP!$A$5:$A$9,MATCH(B770,BP!$A$5:$A$9,1)))*(B770-INDEX(BP!$A$5:$A$9,MATCH(B770,BP!$A$5:$A$9,1)))+INDEX(BP!$C$5:$C$9,MATCH(B770,BP!$A$5:$A$9,1)),0)) -> 22 | D770: =IF(NOT(ISNUMBER(C770)),"",INDEX(BP!$F$5:$F$9,MATCH(C770,BP!$E$5:$E$9,1))) -> ดีมาก | E770: =YEAR(A770) -> 2023 | F770: =MONTH(A770) -> 2 | G770: 20.4 | H770: 42.1 | I770: 71 | J770: 1.2 | K770: 0 | L770: วันทำงานปกติ
A771: 44966 | C771: =IF(NOT(ISNUMBER(B771)),"",ROUND((INDEX(BP!$D$5:$D$9,MATCH(B771,BP!$A$5:$A$9,1))-INDEX(BP!$C$5:$C$9,MATCH(B771,BP!$A$5:$A$9,1)))/(INDEX(BP!$B$5:$B$9,MATCH(B771,BP!$A$5:$A$9,1))-INDEX(BP!$A$5:$A$9,MATCH(B771,BP!$A$5:$A$9,1)))*(B771-INDEX(BP!$A$5:$A$9,MATCH(B771,BP!$A$5:$A$9,1)))+INDEX(BP!$C$5:$C$9,MATCH(B771,BP!$A$5:$A$9,1)),0)) | D771: =IF(NOT(ISNUMBER(C771)),"",INDEX(BP!$F$5:$F$9,MATCH(C771,BP!$E$5:$E$9,1))) | E771: =YEAR(A771) -> 2023 | F771: =MONTH(A771) -> 2 | G771: 16.2 | H771: 34.6 | I771: 94 | J771: 0 | K771: 0 | L771: วันทำงานปกติ
A772: 44967 | B772: 13 | C772: =IF(NOT(ISNUMBER(B772)),"",ROUND((INDEX(BP!$D$5:$D$9,MATCH(B772,BP!$A$5:$A$9,1))-INDEX(BP!$C$5:$C$9,MATCH(B772,BP!$A$5:$A$9,1)))/(INDEX(BP!$B$5:$B$9,MATCH(B772,BP!$A$5:$A$9,1))-INDEX(BP!$A$5:$A$9,MATCH(B772,BP!$A$5:$A$9,1)))*(B772-INDEX(BP!$A$5:$A$9,MATCH(B772,BP!$A$5:$A$9,1)))+INDEX(BP!$C$5:$C$9,MATCH(B772,BP!$A$5:$A$9,1)),0)) -> 22 | D772: =IF(NOT(ISNUMBER(C772)),"",INDEX(BP!$F$5:$F$9,MATCH(C772,BP!$E$5:$E$9,1))) -> ดีมาก | E772: =YEAR(A772) -> 2023 | F772: =MONTH(A772) -> 2 | G772: 18.9 | H772: 40.7 | I772: 96 | J772: 0.7 | K772: 0 | L772: วันทำงานปกติ
A773: 44968 | B773: 10 | C773: =IF(NOT(ISNUMBER(B773)),"",ROUND((INDEX(BP!$D$5:$D$9,MATCH(B773,BP!$A$5:$A$9,1))-INDEX(BP!$C$5:$C$9,MATCH(B773,BP!$A$5:$A$9,1)))/(INDEX(BP!$B$5:$B$9,MATCH(B773,BP!$A$5:$A$9,1))-INDEX(BP!$A$5:$A$9,MATCH(B773,BP!$A$5:$A$9,1)))*(B773-INDEX(BP!$A$5:$A$9,MATCH(B773,BP!$A$5:$A$9,1)))+INDEX(BP!$C$5:$C$9,MATCH(B773,BP!$A$5:$A$9,1)),0)) -> 17 | D773: =IF(NOT(ISNUMBER(C773)),"",INDEX(BP!$F$5:$F$9,MATCH(C773,BP!$E$5:$E$9,1))) -> ดีมาก | E773: =YEAR(A773) -> 2023 | F773: =MONTH(A773) -> 2 | G773: 16 | H773: 35.6 | I773: 80 | J773: 0.9 | K773: 0 | L773: วันหยุดสุดสัปดาห์
A774: 44969 | B774: 12 | C774: =IF(NOT(ISNUMBER(B774)),"",ROUND((INDEX(BP!$D$5:$D$9,MATCH(B774,BP!$A$5:$A$9,1))-INDEX(BP!$C$5:$C$9,MATCH(B774,BP!$A$5:$A$9,1)))/(INDEX(BP!$B$5:$B$9,MATCH(B774,BP!$A$5:$A$9,1))-INDEX(BP!$A$5:$A$9,MATCH(B774,BP!$A$5:$A$9,1)))*(B774-INDEX(BP!$A$5:$A$9,MATCH(B774,BP!$A$5:$A$9,1)))+INDEX(BP!$C$5:$C$9,MATCH(B774,BP!$A$5:$A$9,1)),0)) -> 20 | D774: =IF(NOT(ISNUMBER(C774)),"",INDEX(BP!$F$5:$F$9,MATCH(C774,BP!$E$5:$E$9,1))) -> ดีมาก | E774: =YEAR(A774) -> 2023 | F774: =MONTH(A774) -> 2 | G774: 15.3 | H774: 33.5 | I774: 77 | J774: 0.1 | K774: 0 | L774: วันหยุดสุดสัปดาห์
A775: 44970 | B775: 14 | C775: =IF(NOT(ISNUMBER(B775)),"",ROUND((INDEX(BP!$D$5:$D$9,MATCH(B775,BP!$A$5:$A$9,1))-INDEX(BP!$C$5:$C$9,MATCH(B775,BP!$A$5:$A$9,1)))/(INDEX(BP!$B$5:$B$9,MATCH(B775,BP!$A$5:$A$9,1))-INDEX(BP!$A$5:$A$9,MATCH(B775,BP!$A$5:$A$9,1)))*(B775-INDEX(BP!$A$5:$A$9,MATCH(B775,BP!$A$5:$A$9,1)))+INDEX(BP!$C$5:$C$9,MATCH(B775,BP!$A$5:$A$9,1)),0)) -> 23 | D775: =IF(NOT(ISNUMBER(C775)),"",INDEX(BP!$F$5:$F$9,MATCH(C775,BP!$E$5:$E$9,1))) -> ดีมาก | E775: =YEAR(A775) -> 2023 | F775: =MONTH(A775) -> 2 | G775: 12.2 | H775: 28.8 | I775: 79 | J775: 0 | K775: 0 | L775: วันทำงานปกติ
A776: 44971 | B776: 14 | C776: =IF(NOT(ISNUMBER(B776)),"",ROUND((INDEX(BP!$D$5:$D$9,MATCH(B776,BP!$A$5:$A$9,1))-INDEX(BP!$C$5:$C$9,MATCH(B776,BP!$A$5:$A$9,1)))/(INDEX(BP!$B$5:$B$9,MATCH(B776,BP!$A$5:$A$9,1))-INDEX(BP!$A$5:$A$9,MATCH(B776,BP!$A$5:$A$9,1)))*(B776-INDEX(BP!$A$5:$A$9,MATCH(B776,BP!$A$5:$A$9,1)))+INDEX(BP!$C$5:$C$9,MATCH(B776,BP!$A$5:$A$9,1)),0)) -> 23 | D776: =IF(NOT(ISNUMBER(C776)),"",INDEX(BP!$F$5:$F$9,MATCH(C776,BP!$E$5:$E$9,1))) -> ดีมาก | E776: =YEAR(A776) -> 2023 | F776: =MONTH(A776) -> 2 | G776: 14.8 | H776: 33.8 | I776: 75 | J776: 0.4 | K776: 0 | L776: วันทำงานปกติ
A777: 44972 | B777: 12 | C777: =IF(NOT(ISNUMBER(B777)),"",ROUND((INDEX(BP!$D$5:$D$9,MATCH(B777,BP!$A$5:$A$9,1))-INDEX(BP!$C$5:$C$9,MATCH(B777,BP!$A$5:$A$9,1)))/(INDEX(BP!$B$5:$B$9,MATCH(B777,BP!$A$5:$A$9,1))-INDEX(BP!$A$5:$A$9,MATCH(B777,BP!$A$5:$A$9,1)))*(B777-INDEX(BP!$A$5:$A$9,MATCH(B777,BP!$A$5:$A$9,1)))+INDEX(BP!$C$5:$C$9,MATCH(B777,BP!$A$5:$A$9,1)),0)) -> 20 | D777: =IF(NOT(ISNUMBER(C777)),"",INDEX(BP!$F$5:$F$9,MATCH(C777,BP!$E$5:$E$9,1))) -> ดีมาก | E777: =YEAR(A777) -> 2023 | F777: =MONTH(A777) -> 2 | G777: 22.7 | H777: 45.7 | I777: 90 | J777: 0.5 | K777: 0 | L777: วันทำงานปกติ
A778: 44973 | B778: 12 | C778: =IF(NOT(ISNUMBER(B778)),"",ROUND((INDEX(BP!$D$5:$D$9,MATCH(B778,BP!$A$5:$A$9,1))-INDEX(BP!$C$5:$C$9,MATCH(B778,BP!$A$5:$A$9,1)))/(INDEX(BP!$B$5:$B$9,MATCH(B778,BP!$A$5:$A$9,1))-INDEX(BP!$A$5:$A$9,MATCH(B778,BP!$A$5:$A$9,1)))*(B778-INDEX(BP!$A$5:$A$9,MATCH(B778,BP!$A$5:$A$9,1)))+INDEX(BP!$C$5:$C$9,MATCH(B778,BP!$A$5:$A$9,1)),0)) -> 20 | D778: =IF(NOT(ISNUMBER(C778)),"",INDEX(BP!$F$5:$F$9,MATCH(C778,BP!$E$5:$E$9,1))) -> ดีมาก | E778: =YEAR(A778) -> 2023 | F778: =MONTH(A778) -> 2 | G778: 28.1 | H778: 56.5 | I778: 97 | J778: 1.4 | K778: 2.2 | L778: วันทำงานปกติ
A779: 44974 | B779: 16 | C779: =IF(NOT(ISNUMBER(B779)),"",ROUND((INDEX(BP!$D$5:$D$9,MATCH(B779,BP!$A$5:$A$9,1))-INDEX(BP!$C$5:$C$9,MATCH(B779,BP!$A$5:$A$9,1)))/(INDEX(BP!$B$5:$B$9,MATCH(B779,BP!$A$5:$A$9,1))-INDEX(BP!$A$5:$A$9,MATCH(B779,BP!$A$5:$A$9,1)))*(B779-INDEX(BP!$A$5:$A$9,MATCH(B779,BP!$A$5:$A$9,1)))+INDEX(BP!$C$5:$C$9,MATCH(B779,BP!$A$5:$A$9,1)),0)) -> 28 | D779: =IF(NOT(ISNUMBER(C779)),"",INDEX(BP!$F$5:$F$9,MATCH(C779,BP!$E$5:$E$9,1))) -> ดี | E779: =YEAR(A779) -> 2023 | F779: =MONTH(A779) -> 2 | G779: 25.7 | H779: 51.8 | I779: 98 | J779: 1.6 | K779: 1.6 | L779: วันทำงานปกติ
A780: 44975 | B780: 14 | C780: =IF(NOT(ISNUMBER(B780)),"",ROUND((INDEX(BP!$D$5:$D$9,MATCH(B780,BP!$A$5:$A$9,1))-INDEX(BP!$C$5:$C$9,MATCH(B780,BP!$A$5:$A$9,1)))/(INDEX(BP!$B$5:$B$9,MATCH(B780,BP!$A$5:$A$9,1))-INDEX(BP!$A$5:$A$9,MATCH(B780,BP!$A$5:$A$9,1)))*(B780-INDEX(BP!$A$5:$A$9,MATCH(B780,BP!$A$5:$A$9,1)))+INDEX(BP!$C$5:$C$9,MATCH(B780,BP!$A$5:$A$9,1)),0)) -> 23 | D780: =IF(NOT(ISNUMBER(C780)),"",INDEX(BP!$F$5:$F$9,MATCH(C780,BP!$E$5:$E$9,1))) -> ดีมาก | E780: =YEAR(A780) -> 2023 | F780: =MONTH(A780) -> 2 | G780: 22.3 | H780: 45.7 | I780: 76 | J780: 2.9 | K780: 0 | L780: วันหยุดสุดสัปดาห์
A781: 44976 | B781: 18 | C781: =IF(NOT(ISNUMBER(B781)),"",ROUND((INDEX(BP!$D$5:$D$9,MATCH(B781,BP!$A$5:$A$9,1))-INDEX(BP!$C$5:$C$9,MATCH(B781,BP!$A$5:$A$9,1)))/(INDEX(BP!$B$5:$B$9,MATCH(B781,BP!$A$5:$A$9,1))-INDEX(BP!$A$5:$A$9,MATCH(B781,BP!$A$5:$A$9,1)))*(B781-INDEX(BP!$A$5:$A$9,MATCH(B781,BP!$A$5:$A$9,1)))+INDEX(BP!$C$5:$C$9,MATCH(B781,BP!$A$5:$A$9,1)),0)) -> 33 | D781: =IF(NOT(ISNUMBER(C781)),"",INDEX(BP!$F$5:$F$9,MATCH(C781,BP!$E$5:$E$9,1))) -> ดี | E781: =YEAR(A781) -> 2023 | F781: =MONTH(A781) -> 2 | G781: 17.4 | H781: 39.6 | I781: 70 | J781: 3.7 | K781: 0 | L781: วันหยุดสุดสัปดาห์
A782: 44977 | B782: 15 | C782: =IF(NOT(ISNUMBER(B782)),"",ROUND((INDEX(BP!$D$5:$D$9,MATCH(B782,BP!$A$5:$A$9,1))-INDEX(BP!$C$5:$C$9,MATCH(B782,BP!$A$5:$A$9,1)))/(INDEX(BP!$B$5:$B$9,MATCH(B782,BP!$A$5:$A$9,1))-INDEX(BP!$A$5:$A$9,MATCH(B782,BP!$A$5:$A$9,1)))*(B782-INDEX(BP!$A$5:$A$9,MATCH(B782,BP!$A$5:$A$9,1)))+INDEX(BP!$C$5:$C$9,MATCH(B782,BP!$A$5:$A$9,1)),0)) -> 25 | D782: =IF(NOT(ISNUMBER(C782)),"",INDEX(BP!$F$5:$F$9,MATCH(C782,BP!$E$5:$E$9,1))) -> ดีมาก | E782: =YEAR(A782) -> 2023 | F782: =MONTH(A782) -> 2 | G782: 18.5 | H782: 40 | I782: 92 | J782: 0.7 | K782: 0 | L782: วันทำงานปกติ
A783: 44978 | B783: 15 | C783: =IF(NOT(ISNUMBER(B783)),"",ROUND((INDEX(BP!$D$5:$D$9,MATCH(B783,BP!$A$5:$A$9,1))-INDEX(BP!$C$5:$C$9,MATCH(B783,BP!$A$5:$A$9,1)))/(INDEX(BP!$B$5:$B$9,MATCH(B783,BP!$A$5:$A$9,1))-INDEX(BP!$A$5:$A$9,MATCH(B783,BP!$A$5:$A$9,1)))*(B783-INDEX(BP!$A$5:$A$9,MATCH(B783,BP!$A$5:$A$9,1)))+INDEX(BP!$C$5:$C$9,MATCH(B783,BP!$A$5:$A$9,1)),0)) -> 25 | D783: =IF(NOT(ISNUMBER(C783)),"",INDEX(BP!$F$5:$F$9,MATCH(C783,BP!$E$5:$E$9,1))) -> ดีมาก | E783: =YEAR(A783) -> 2023 | F783: =MONTH(A783) -> 2 | G783: 23.8 | H783: 48.2 | I783: 96 | J783: 0.5 | K783: 0 | L783: วันทำงานปกติ
... A1374: 45569 | B1374: 9 | C1374: =IF(NOT(ISNUMBER(B1374)),"",ROUND((INDEX(BP!$D$5:$D$9,MATCH(B1374,BP!$A$5:$A$9,1))-INDEX(BP!$C$5:$C$9,MATCH(B1374,BP!$A$5:$A$9,1)))/(INDEX(BP!$B$5:$B$9,MATCH(B1374,BP!$A$5:$A$9,1))-INDEX(BP!$A$5:$A$9,MATCH(B1374,BP!$A$5:$A$9,1)))*(B1374-INDEX(BP!$A$5:$A$9,MATCH(B1374,BP!$A$5:$A$9,1)))+INDEX(BP!$C$5:$C$9,MATCH(B1374,BP!$A$5:$A$9,1)),0)) -> 15 | D1374: =IF(NOT(ISNUMBER(C1374)),"",INDEX(BP!$F$5:$F$9,MATCH(C1374,BP!$E$5:$E$9,1))) -> ดีมาก | E1374: =YEAR(A1374) -> 2024 | F1374: =MONTH(A1374) -> 10 | G1374: 11.8 | H1374: 28.4 | I1374: 72 | J1374: 5.2 | K1374: 17 | L1374: วันทำงานปกติ
A1375: 45570 | C1375: =IF(NOT(ISNUMBER(B1375)),"",ROUND((INDEX(BP!$D$5:$D$9,MATCH(B1375,BP!$A$5:$A$9,1))-INDEX(BP!$C$5:$C$9,MATCH(B1375,BP!$A$5:$A$9,1)))/(INDEX(BP!$B$5:$B$9,MATCH(B1375,BP!$A$5:$A$9,1))-INDEX(BP!$A$5:$A$9,MATCH(B1375,BP!$A$5:$A$9,1)))*(B1375-INDEX(BP!$A$5:$A$9,MATCH(B1375,BP!$A$5:$A$9,1)))+INDEX(BP!$C$5:$C$9,MATCH(B1375,BP!$A$5:$A$9,1)),0)) | D1375: =IF(NOT(ISNUMBER(C1375)),"",INDEX(BP!$F$5:$F$9,MATCH(C1375,BP!$E$5:$E$9,1))) | E1375: =YEAR(A1375) -> 2024 | F1375: =MONTH(A1375) -> 10 | G1375: 12.2 | H1375: 31 | I1375: 78 | J1375: 41.4 | K1375: 36.6 | L1375: วันหยุดสุดสัปดาห์
A1376: 45571 | B1376: 7.8 | C1376: =IF(NOT(ISNUMBER(B1376)),"",ROUND((INDEX(BP!$D$5:$D$9,MATCH(B1376,BP!$A$5:$A$9,1))-INDEX(BP!$C$5:$C$9,MATCH(B1376,BP!$A$5:$A$9,1)))/(INDEX(BP!$B$5:$B$9,MATCH(B1376,BP!$A$5:$A$9,1))-INDEX(BP!$A$5:$A$9,MATCH(B1376,BP!$A$5:$A$9,1)))*(B1376-INDEX(BP!$A$5:$A$9,MATCH(B1376,BP!$A$5:$A$9,1)))+INDEX(BP!$C$5:$C$9,MATCH(B1376,BP!$A$5:$A$9,1)),0)) -> 13 | D1376: =IF(NOT(ISNUMBER(C1376)),"",INDEX(BP!$F$5:$F$9,MATCH(C1376,BP!$E$5:$E$9,1))) -> ดีมาก | E1376: =YEAR(A1376) -> 2024 | F1376: =MONTH(A1376) -> 10 | G1376: 10.9 | H1376: 23.4 | I1376: 215 | J1376: 18.4 | K1376: 6 | L1376: วันหยุดสุดสัปดาห์
A1377: 45572 | B1377: 8.3 | C1377: =IF(NOT(ISNUMBER(B1377)),"",ROUND((INDEX(BP!$D$5:$D$9,MATCH(B1377,BP!$A$5:$A$9,1))-INDEX(BP!$C$5:$C$9,MATCH(B1377,BP!$A$5:$A$9,1)))/(INDEX(BP!$B$5:$B$9,MATCH(B1377,BP!$A$5:$A$9,1))-INDEX(BP!$A$5:$A$9,MATCH(B1377,BP!$A$5:$A$9,1)))*(B1377-INDEX(BP!$A$5:$A$9,MATCH(B1377,BP!$A$5:$A$9,1)))+INDEX(BP!$C$5:$C$9,MATCH(B1377,BP!$A$5:$A$9,1)),0)) -> 14 | D1377: =IF(NOT(ISNUMBER(C1377)),"",INDEX(BP!$F$5:$F$9,MATCH(C1377,BP!$E$5:$E$9,1))) -> ดีมาก | E1377: =YEAR(A1377) -> 2024 | F1377: =MONTH(A1377) -> 10 | G1377: 13 | H1377: 30.6 | I1377: 96 | J1377: 1.7 | K1377: 0.4 | L1377: วันทำงานปกติ
A1378: 45573 | B1378: 9.1 | C1378: =IF(NOT(ISNUMBER(B1378)),"",ROUND((INDEX(BP!$D$5:$D$9,MATCH(B1378,BP!$A$5:$A$9,1))-INDEX(BP!$C$5:$C$9,MATCH(B1378,BP!$A$5:$A$9,1)))/(INDEX(BP!$B$5:$B$9,MATCH(B1378,BP!$A$5:$A$9,1))-INDEX(BP!$A$5:$A$9,MATCH(B1378,BP!$A$5:$A$9,1)))*(B1378-INDEX(BP!$A$5:$A$9,MATCH(B1378,BP!$A$5:$A$9,1)))+INDEX(BP!$C$5:$C$9,MATCH(B1378,BP!$A$5:$A$9,1)),0)) -> 15 | D1378: =IF(NOT(ISNUMBER(C1378)),"",INDEX(BP!$F$5:$F$9,MATCH(C1378,BP!$E$5:$E$9,1))) -> ดีมาก | E1378: =YEAR(A1378) -> 2024 | F1378: =MONTH(A1378) -> 10 | G1378: 10.1 | H1378: 26.6 | I1378: 233 | J1378: 9.9 | K1378: 9.8 | L1378: วันทำงานปกติ
A1379: 45574 | B1379: 11 | C1379: =IF(NOT(ISNUMBER(B1379)),"",ROUND((INDEX(BP!$D$5:$D$9,MATCH(B1379,BP!$A$5:$A$9,1))-INDEX(BP!$C$5:$C$9,MATCH(B1379,BP!$A$5:$A$9,1)))/(INDEX(BP!$B$5:$B$9,MATCH(B1379,BP!$A$5:$A$9,1))-INDEX(BP!$A$5:$A$9,MATCH(B1379,BP!$A$5:$A$9,1)))*(B1379-INDEX(BP!$A$5:$A$9,MATCH(B1379,BP!$A$5:$A$9,1)))+INDEX(BP!$C$5:$C$9,MATCH(B1379,BP!$A$5:$A$9,1)),0)) -> 18 | D1379: =IF(NOT(ISNUMBER(C1379)),"",INDEX(BP!$F$5:$F$9,MATCH(C1379,BP!$E$5:$E$9,1))) -> ดีมาก | E1379: =YEAR(A1379) -> 2024 | F1379: =MONTH(A1379) -> 10 | G1379: 11.5 | H1379: 26.6 | I1379: 244 | J1379: 3.4 | K1379: 39.8 | L1379: วันทำงานปกติ
A1380: 45575 | B1380: 11 | C1380: =IF(NOT(ISNUMBER(B1380)),"",ROUND((INDEX(BP!$D$5:$D$9,MATCH(B1380,BP!$A$5:$A$9,1))-INDEX(BP!$C$5:$C$9,MATCH(B1380,BP!$A$5:$A$9,1)))/(INDEX(BP!$B$5:$B$9,MATCH(B1380,BP!$A$5:$A$9,1))-INDEX(BP!$A$5:$A$9,MATCH(B1380,BP!$A$5:$A$9,1)))*(B1380-INDEX(BP!$A$5:$A$9,MATCH(B1380,BP!$A$5:$A$9,1)))+INDEX(BP!$C$5:$C$9,MATCH(B1380,BP!$A$5:$A$9,1)),0)) -> 18 | D1380: =IF(NOT(ISNUMBER(C1380)),"",INDEX(BP!$F$5:$F$9,MATCH(C1380,BP!$E$5:$E$9,1))) -> ดีมาก | E1380: =YEAR(A1380) -> 2024 | F1380: =MONTH(A1380) -> 10 | G1380: 12 | H1380: 25.6 | I1380: 252 | J1380: 20.7 | K1380: 6.4 | L1380: วันทำงานปกติ
A1381: 45576 | B1381: 10.4 | C1381: =IF(NOT(ISNUMBER(B1381)),"",ROUND((INDEX(BP!$D$5:$D$9,MATCH(B1381,BP!$A$5:$A$9,1))-INDEX(BP!$C$5:$C$9,MATCH(B1381,BP!$A$5:$A$9,1)))/(INDEX(BP!$B$5:$B$9,MATCH(B1381,BP!$A$5:$A$9,1))-INDEX(BP!$A$5:$A$9,MATCH(B1381,BP!$A$5:$A$9,1)))*(B1381-INDEX(BP!$A$5:$A$9,MATCH(B1381,BP!$A$5:$A$9,1)))+INDEX(BP!$C$5:$C$9,MATCH(B1381,BP!$A$5:$A$9,1)),0)) -> 17 | D1381: =IF(NOT(ISNUMBER(C1381)),"",INDEX(BP!$F$5:$F$9,MATCH(C1381,BP!$E$5:$E$9,1))) -> ดีมาก | E1381: =YEAR(A1381) -> 2024 | F1381: =MONTH(A1381) -> 10 | G1381: 12.9 | H1381: 26.3 | I1381: 236 | J1381: 13.9 | K1381: 23.8 | L1381: วันทำงานปกติ
A1382: 45577 | B1382: 10.1 | C1382: =IF(NOT(ISNUMBER(B1382)),"",ROUND((INDEX(BP!$D$5:$D$9,MATCH(B1382,BP!$A$5:$A$9,1))-INDEX(BP!$C$5:$C$9,MATCH(B1382,BP!$A$5:$A$9,1)))/(INDEX(BP!$B$5:$B$9,MATCH(B1382,BP!$A$5:$A$9,1))-INDEX(BP!$A$5:$A$9,MATCH(B1382,BP!$A$5:$A$9,1)))*(B1382-INDEX(BP!$A$5:$A$9,MATCH(B1382,BP!$A$5:$A$9,1)))+INDEX(BP!$C$5:$C$9,MATCH(B1382,BP!$A$5:$A$9,1)),0)) -> 17 | D1382: =IF(NOT(ISNUMBER(C1382)),"",INDEX(BP!$F$5:$F$9,MATCH(C1382,BP!$E$5:$E$9,1))) -> ดีมาก | E1382: =YEAR(A1382) -> 2024 | F1382: =MONTH(A1382) -> 10 | G1382: 13.9 | H1382: 31 | I1382: 326 | J1382: 10.9 | K1382: 82.4 | L1382: วันหยุดสุดสัปดาห์
A1383: 45578 | B1383: 8.7 | C1383: =IF(NOT(ISNUMBER(B1383)),"",ROUND((INDEX(BP!$D$5:$D$9,MATCH(B1383,BP!$A$5:$A$9,1))-INDEX(BP!$C$5:$C$9,MATCH(B1383,BP!$A$5:$A$9,1)))/(INDEX(BP!$B$5:$B$9,MATCH(B1383,BP!$A$5:$A$9,1))-INDEX(BP!$A$5:$A$9,MATCH(B1383,BP!$A$5:$A$9,1)))*(B1383-INDEX(BP!$A$5:$A$9,MATCH(B1383,BP!$A$5:$A$9,1)))+INDEX(BP!$C$5:$C$9,MATCH(B1383,BP!$A$5:$A$9,1)),0)) -> 15 | D1383: =IF(NOT(ISNUMBER(C1383)),"",INDEX(BP!$F$5:$F$9,MATCH(C1383,BP!$E$5:$E$9,1))) -> ดีมาก | E1383: =YEAR(A1383) -> 2024 | F1383: =MONTH(A1383) -> 10 | G1383: 14.1 | H1383: 29.9 | I1383: 94 | J1383: 11.5 | K1383: 12.2 | L1383: วันหยุดราชการ/นักขัตฤกษ์
A1384: 45579 | B1384: 9.2 | C1384: =IF(NOT(ISNUMBER(B1384)),"",ROUND((INDEX(BP!$D$5:$D$9,MATCH(B1384,BP!$A$5:$A$9,1))-INDEX(BP!$C$5:$C$9,MATCH(B1384,BP!$A$5:$A$9,1)))/(INDEX(BP!$B$5:$B$9,MATCH(B1384,BP!$A$5:$A$9,1))-INDEX(BP!$A$5:$A$9,MATCH(B1384,BP!$A$5:$A$9,1)))*(B1384-INDEX(BP!$A$5:$A$9,MATCH(B1384,BP!$A$5:$A$9,1)))+INDEX(BP!$C$5:$C$9,MATCH(B1384,BP!$A$5:$A$9,1)),0)) -> 15 | D1384: =IF(NOT(ISNUMBER(C1384)),"",INDEX(BP!$F$5:$F$9,MATCH(C1384,BP!$E$5:$E$9,1))) -> ดีมาก | E1384: =YEAR(A1384) -> 2024 | F1384: =MONTH(A1384) -> 10 | G1384: 13 | H1384: 30.2 | I1384: 186 | J1384: 6.6 | K1384: 5.8 | L1384: วันหยุดราชการ/นักขัตฤกษ์
A1385: 45580 | B1385: 9.2 | C1385: =IF(NOT(ISNUMBER(B1385)),"",ROUND((INDEX(BP!$D$5:$D$9,MATCH(B1385,BP!$A$5:$A$9,1))-INDEX(BP!$C$5:$C$9,MATCH(B1385,BP!$A$5:$A$9,1)))/(INDEX(BP!$B$5:$B$9,MATCH(B1385,BP!$A$5:$A$9,1))-INDEX(BP!$A$5:$A$9,MATCH(B1385,BP!$A$5:$A$9,1)))*(B1385-INDEX(BP!$A$5:$A$9,MATCH(B1385,BP!$A$5:$A$9,1)))+INDEX(BP!$C$5:$C$9,MATCH(B1385,BP!$A$5:$A$9,1)),0)) -> 15 | D1385: =IF(NOT(ISNUMBER(C1385)),"",INDEX(BP!$F$5:$F$9,MATCH(C1385,BP!$E$5:$E$9,1))) -> ดีมาก | E1385: =YEAR(A1385) -> 2024 | F1385: =MONTH(A1385) -> 10 | G1385: 12.4 | H1385: 28.1 | I1385: 207 | J1385: 17.9 | K1385: 3 | L1385: วันทำงานปกติ
A1386: 45581 | B1386: 8.5 | C1386: =IF(NOT(ISNUMBER(B1386)),"",ROUND((INDEX(BP!$D$5:$D$9,MATCH(B1386,BP!$A$5:$A$9,1))-INDEX(BP!$C$5:$C$9,MATCH(B1386,BP!$A$5:$A$9,1)))/(INDEX(BP!$B$5:$B$9,MATCH(B1386,BP!$A$5:$A$9,1))-INDEX(BP!$A$5:$A$9,MATCH(B1386,BP!$A$5:$A$9,1)))*(B1386-INDEX(BP!$A$5:$A$9,MATCH(B1386,BP!$A$5:$A$9,1)))+INDEX(BP!$C$5:$C$9,MATCH(B1386,BP!$A$5:$A$9,1)),0)) -> 14 | D1386: =IF(NOT(ISNUMBER(C1386)),"",INDEX(BP!$F$5:$F$9,MATCH(C1386,BP!$E$5:$E$9,1))) -> ดีมาก | E1386: =YEAR(A1386) -> 2024 | F1386: =MONTH(A1386) -> 10 | G1386: 13 | H1386: 28.1 | I1386: 205 | J1386: 5.2 | K1386: 0 | L1386: วันทำงานปกติ
A1387: 45582 | B1387: 10.2 | C1387: =IF(NOT(ISNUMBER(B1387)),"",ROUND((INDEX(BP!$D$5:$D$9,MATCH(B1387,BP!$A$5:$A$9,1))-INDEX(BP!$C$5:$C$9,MATCH(B1387,BP!$A$5:$A$9,1)))/(INDEX(BP!$B$5:$B$9,MATCH(B1387,BP!$A$5:$A$9,1))-INDEX(BP!$A$5:$A$9,MATCH(B1387,BP!$A$5:$A$9,1)))*(B1387-INDEX(BP!$A$5:$A$9,MATCH(B1387,BP!$A$5:$A$9,1)))+INDEX(BP!$C$5:$C$9,MATCH(B1387,BP!$A$5:$A$9,1)),0)) -> 17 | D1387: =IF(NOT(ISNUMBER(C1387)),"",INDEX(BP!$F$5:$F$9,MATCH(C1387,BP!$E$5:$E$9,1))) -> ดีมาก | E1387: =YEAR(A1387) -> 2024 | F1387: =MONTH(A1387) -> 10 | G1387: 9.1 | H1387: 24.8 | I1387: 226 | J1387: 9.3 | K1387: 0 | L1387: วันทำงานปกติ
... A1720: 45915 | B1720: 5.7 | C1720: =IF(NOT(ISNUMBER(B1720)),"",ROUND((INDEX(BP!$D$5:$D$9,MATCH(B1720,BP!$A$5:$A$9,1))-INDEX(BP!$C$5:$C$9,MATCH(B1720,BP!$A$5:$A$9,1)))/(INDEX(BP!$B$5:$B$9,MATCH(B1720,BP!$A$5:$A$9,1))-INDEX(BP!$A$5:$A$9,MATCH(B1720,BP!$A$5:$A$9,1)))*(B1720-INDEX(BP!$A$5:$A$9,MATCH(B1720,BP!$A$5:$A$9,1)))+INDEX(BP!$C$5:$C$9,MATCH(B1720,BP!$A$5:$A$9,1)),0)) -> 10 | D1720: =IF(NOT(ISNUMBER(C1720)),"",INDEX(BP!$F$5:$F$9,MATCH(C1720,BP!$E$5:$E$9,1))) -> ดีมาก | E1720: =YEAR(A1720) -> 2025 | F1720: =MONTH(A1720) -> 9 | G1720: 18 | H1720: 40.3 | I1720: 211 | J1720: 5.7 | K1720: 0.2 | L1720: วันทำงานปกติ
A1721: 45916 | C1721: =IF(NOT(ISNUMBER(B1721)),"",ROUND((INDEX(BP!$D$5:$D$9,MATCH(B1721,BP!$A$5:$A$9,1))-INDEX(BP!$C$5:$C$9,MATCH(B1721,BP!$A$5:$A$9,1)))/(INDEX(BP!$B$5:$B$9,MATCH(B1721,BP!$A$5:$A$9,1))-INDEX(BP!$A$5:$A$9,MATCH(B1721,BP!$A$5:$A$9,1)))*(B1721-INDEX(BP!$A$5:$A$9,MATCH(B1721,BP!$A$5:$A$9,1)))+INDEX(BP!$C$5:$C$9,MATCH(B1721,BP!$A$5:$A$9,1)),0)) | D1721: =IF(NOT(ISNUMBER(C1721)),"",INDEX(BP!$F$5:$F$9,MATCH(C1721,BP!$E$5:$E$9,1))) | E1721: =YEAR(A1721) -> 2025 | F1721: =MONTH(A1721) -> 9 | G1721: 12.2 | H1721: 23.4 | I1721: 235 | J1721: 0.2 | K1721: 1.6 | L1721: วันทำงานปกติ
A1722: 45917 | C1722: =IF(NOT(ISNUMBER(B1722)),"",ROUND((INDEX(BP!$D$5:$D$9,MATCH(B1722,BP!$A$5:$A$9,1))-INDEX(BP!$C$5:$C$9,MATCH(B1722,BP!$A$5:$A$9,1)))/(INDEX(BP!$B$5:$B$9,MATCH(B1722,BP!$A$5:$A$9,1))-INDEX(BP!$A$5:$A$9,MATCH(B1722,BP!$A$5:$A$9,1)))*(B1722-INDEX(BP!$A$5:$A$9,MATCH(B1722,BP!$A$5:$A$9,1)))+INDEX(BP!$C$5:$C$9,MATCH(B1722,BP!$A$5:$A$9,1)),0)) | D1722: =IF(NOT(ISNUMBER(C1722)),"",INDEX(BP!$F$5:$F$9,MATCH(C1722,BP!$E$5:$E$9,1))) | E1722: =YEAR(A1722) -> 2025 | F1722: =MONTH(A1722) -> 9 | G1722: 14.3 | H1722: 34.9 | I1722: 236 | J1722: 3.7 | K1722: 1.2 | L1722: วันทำงานปกติ
...

Sheet Summary
A1: สรุปผลการวิเคราะห์ AQI จาก PM2.5 สถานี 44T หาดใหญ่ (2021–2025)
A3: 1) ภาพรวมทั้งชุดข้อมูล | D3: 2) จำนวนวันแยกตามระดับคุณภาพอากาศ
A4: จำนวนวันที่มีค่าตรวจวัด | B4: =COUNT(Data!$C$2:$C$1827) -> 1804 | D4: ระดับ | E4: ช่วง AQI | F4: จำนวนวัน | G4: สัดส่วน
A5: PM2.5 เฉลี่ย (มคก./ลบ.ม.) | B5: =ROUND(AVERAGE(Data!$B$2:$B$1827),2) -> 14.93 | D5: ดีมาก | E5: 0–25 | F5: =COUNTIFS(Data!$C$2:$C$1827,">=0",Data!$C$2:$C$1827,"<=25") -> 1031 | G5: =IFERROR(F5/SUM($F$5:$F$9),0) -> 0.57150776
A6: AQI เฉลี่ย | B6: =ROUND(AVERAGE(Data!$C$2:$C$1827),2) -> 27 | D6: ดี | E6: 26–50 | F6: =COUNTIFS(Data!$C$2:$C$1827,">=26",Data!$C$2:$C$1827,"<=50") -> 717 | G6: =IFERROR(F6/SUM($F$5:$F$9),0) -> 0.39745011
A7: AQI ต่ำสุด | B7: =MIN(Data!$C$2:$C$1827) -> 9 | D7: ปานกลาง | E7: 51–100 | F7: =COUNTIFS(Data!$C$2:$C$1827,">=51",Data!$C$2:$C$1827,"<=100") -> 49 | G7: =IFERROR(F7/SUM($F$5:$F$9),0) -> 0.027161863
A8: AQI สูงสุด | B8: =MAX(Data!$C$2:$C$1827) -> 119 | D8: เริ่มมีผลกระทบต่อสุขภาพ | E8: 101–200 | F8: =COUNTIFS(Data!$C$2:$C$1827,">=101",Data!$C$2:$C$1827,"<=200") -> 7 | G8: =IFERROR(F8/SUM($F$5:$F$9),0) -> 0.0038802661
A9: มัธยฐาน AQI | B9: =MEDIAN(Data!$C$2:$C$1827) -> 24 | D9: มีผลกระทบต่อสุขภาพ | E9: 201+ | F9: =COUNTIFS(Data!$C$2:$C$1827,">=201",Data!$C$2:$C$1827,"<=100000") -> 0 | G9: =IFERROR(F9/SUM($F$5:$F$9),0) -> 0
A10: ส่วนเบี่ยงเบนมาตรฐาน | B10: =ROUND(STDEV(Data!$C$2:$C$1827),2) -> 12.58 | D10: รวม | F10: =SUM(F5:F9) -> 1804
A11: วันที่ AQI > 100 (ส้ม/แดง) | B11: =COUNTIF(Data!$C$2:$C$1827,">100") -> 7
A12: วันที่ PM2.5 เกินมาตรฐาน 37.5 | B12: =COUNTIF(Data!$B$2:$B$1827,">37.5") -> 7
A15: 3) สรุปรายปี | I15: 5) AQI เฉลี่ยตามประเภทวัน
A16: ปี | B16: PM2.5 เฉลี่ย | C16: AQI เฉลี่ย | D16: AQI สูงสุด | E16: วัน AQI>50 | F16: วัน AQI>100 | G16: จำนวนวัน | I16: ประเภทวัน | J16: AQI เฉลี่ย | K16: จำนวนวัน
A17: 2021 | B17: =ROUND(AVERAGEIFS(Data!$B$2:$B$1827,Data!$E$2:$E$1827,$A17),2) -> 16.68 | C17: =ROUND(AVERAGEIFS(Data!$C$2:$C$1827,Data!$E$2:$E$1827,$A17),2) -> 30.51 | D17: =_xlfn.MAXIFS(Data!$C$2:$C$1827,Data!$E$2:$E$1827,$A17) -> 102 | E17: =COUNTIFS(Data!$E$2:$E$1827,$A17,Data!$C$2:$C$1827,">50") -> 16 | F17: =COUNTIFS(Data!$E$2:$E$1827,$A17,Data!$C$2:$C$1827,">100") -> 1 | G17: =COUNTIFS(Data!$E$2:$E$1827,$A17,Data!$C$2:$C$1827,">=0") -> 365 | I17: วันทำงานปกติ | J17: =ROUND(AVERAGEIFS(Data!$C$2:$C$1827,Data!$L$2:$L$1827,$I17),2) -> 26.71 | K17: =COUNTIFS(Data!$L$2:$L$1827,$I17,Data!$C$2:$C$1827,">=0") -> 1179
A18: 2022 | B18: =ROUND(AVERAGEIFS(Data!$B$2:$B$1827,Data!$E$2:$E$1827,$A18),2) -> 15.92 | C18: =ROUND(AVERAGEIFS(Data!$C$2:$C$1827,Data!$E$2:$E$1827,$A18),2) -> 28.52 | D18: =_xlfn.MAXIFS(Data!$C$2:$C$1827,Data!$E$2:$E$1827,$A18) -> 78 | E18: =COUNTIFS(Data!$E$2:$E$1827,$A18,Data!$C$2:$C$1827,">50") -> 9 | F18: =COUNTIFS(Data!$E$2:$E$1827,$A18,Data!$C$2:$C$1827,">100") -> 0 | G18: =COUNTIFS(Data!$E$2:$E$1827,$A18,Data!$C$2:$C$1827,">=0") -> 362 | I18: วันหยุดสุดสัปดาห์ | J18: =ROUND(AVERAGEIFS(Data!$C$2:$C$1827,Data!$L$2:$L$1827,$I18),2) -> 26.91 | K18: =COUNTIFS(Data!$L$2:$L$1827,$I18,Data!$C$2:$C$1827,">=0") -> 490
A19: 2023 | B19: =ROUND(AVERAGEIFS(Data!$B$2:$B$1827,Data!$E$2:$E$1827,$A19),2) -> 16.61 | C19: =ROUND(AVERAGEIFS(Data!$C$2:$C$1827,Data!$E$2:$E$1827,$A19),2) -> 31.02 | D19: =_xlfn.MAXIFS(Data!$C$2:$C$1827,Data!$E$2:$E$1827,$A19) -> 119 | E19: =COUNTIFS(Data!$E$2:$E$1827,$A19,Data!$C$2:$C$1827,">50") -> 24 | F19: =COUNTIFS(Data!$E$2:$E$1827,$A19,Data!$C$2:$C$1827,">100") -> 6 | G19: =COUNTIFS(Data!$E$2:$E$1827,$A19,Data!$C$2:$C$1827,">=0") -> 363 | I19: วันหยุดราชการ/นักขัตฤกษ์ | J19: =ROUND(AVERAGEIFS(Data!$C$2:$C$1827,Data!$L$2:$L$1827,$I19),2) -> 29.8 | K19: =COUNTIFS(Data!$L$2:$L$1827,$I19,Data!$C$2:$C$1827,">=0") -> 135
A20: 2024 | B20: =ROUND(AVERAGEIFS(Data!$B$2:$B$1827,Data!$E$2:$E$1827,$A20),2) -> 14.3 | C20: =ROUND(AVERAGEIFS(Data!$C$2:$C$1827,Data!$E$2:$E$1827,$A20),2) -> 25.48 | D20: =_xlfn.MAXIFS(Data!$C$2:$C$1827,Data!$E$2:$E$1827,$A20) -> 56 | E20: =COUNTIFS(Data!$E$2:$E$1827,$A20,Data!$C$2:$C$1827,">50") -> 6 | F20: =COUNTIFS(Data!$E$2:$E$1827,$A20,Data!$C$2:$C$1827,">100") -> 0 | G20: =COUNTIFS(Data!$E$2:$E$1827,$A20,Data!$C$2:$C$1827,">=0") -> 365
A21: 2025 | B21: =ROUND(AVERAGEIFS(Data!$B$2:$B$1827,Data!$E$2:$E$1827,$A21),2) -> 10.99 | C21: =ROUND(AVERAGEIFS(Data!$C$2:$C$1827,Data!$E$2:$E$1827,$A21),2) -> 19.13 | D21: =_xlfn.MAXIFS(Data!$C$2:$C$1827,Data!$E$2:$E$1827,$A21) -> 53 | E21: =COUNTIFS(Data!$E$2:$E$1827,$A21,Data!$C$2:$C$1827,">50") -> 1 | F21: =COUNTIFS(Data!$E$2:$E$1827,$A21,Data!$C$2:$C$1827,">100") -> 0 | G21: =COUNTIFS(Data!$E$2:$E$1827,$A21,Data!$C$2:$C$1827,">=0") -> 349
A24: 4) สรุปรายเดือน (เฉลี่ยรวมทุกปี) | I24: 6) ความสัมพันธ์กับสภาพอากาศ (สัมประสิทธิ์สหสัมพันธ์กับ AQI)
A25: เดือน | B25: PM2.5 เฉลี่ย | C25: AQI เฉลี่ย | D25: AQI สูงสุด | I25: ความเร็วลมสูงสุด | J25: =ROUND(CORREL(Data!$G$2:$G$1827,Data!$C$2:$C$1827),3) -> -0.104
A26: ม.ค. | B26: =ROUND(AVERAGEIFS(Data!$B$2:$B$1827,Data!$F$2:$F$1827,1),2) -> 17.35 | C26: =ROUND(AVERAGEIFS(Data!$C$2:$C$1827,Data!$F$2:$F$1827,1),2) -> 31.82 | D26: =_xlfn.MAXIFS(Data!$C$2:$C$1827,Data!$F$2:$F$1827,1) -> 86 | I26: ลมกระโชกสูงสุด | J26: =ROUND(CORREL(Data!$H$2:$H$1827,Data!$C$2:$C$1827),3) -> -0.083
A27: ก.พ. | B27: =ROUND(AVERAGEIFS(Data!$B$2:$B$1827,Data!$F$2:$F$1827,2),2) -> 16.88 | C27: =ROUND(AVERAGEIFS(Data!$C$2:$C$1827,Data!$F$2:$F$1827,2),2) -> 31.45 | D27: =_xlfn.MAXIFS(Data!$C$2:$C$1827,Data!$F$2:$F$1827,2) -> 102 | I27: ทิศลมหลัก | J27: =ROUND(CORREL(Data!$I$2:$I$1827,Data!$C$2:$C$1827),3) -> -0.113
A28: มี.ค. | B28: =ROUND(AVERAGEIFS(Data!$B$2:$B$1827,Data!$F$2:$F$1827,3),2) -> 17.12 | C28: =ROUND(AVERAGEIFS(Data!$C$2:$C$1827,Data!$F$2:$F$1827,3),2) -> 31.42 | D28: =_xlfn.MAXIFS(Data!$C$2:$C$1827,Data!$F$2:$F$1827,3) -> 78 | I28: ฝน (model) | J28: =ROUND(CORREL(Data!$J$2:$J$1827,Data!$C$2:$C$1827),3) -> -0.234
A29: เม.ย. | B29: =ROUND(AVERAGEIFS(Data!$B$2:$B$1827,Data!$F$2:$F$1827,4),2) -> 17.94 | C29: =ROUND(AVERAGEIFS(Data!$C$2:$C$1827,Data!$F$2:$F$1827,4),2) -> 35.19 | D29: =_xlfn.MAXIFS(Data!$C$2:$C$1827,Data!$F$2:$F$1827,4) -> 110 | I29: ปริมาณน้ำฝนตรวจวัด | J29: =ROUND(CORREL(Data!$K$2:$K$1827,Data!$C$2:$C$1827),3) -> -0.156
A30: พ.ค. | B30: =ROUND(AVERAGEIFS(Data!$B$2:$B$1827,Data!$F$2:$F$1827,5),2) -> 13.88 | C30: =ROUND(AVERAGEIFS(Data!$C$2:$C$1827,Data!$F$2:$F$1827,5),2) -> 24.18 | D30: =_xlfn.MAXIFS(Data!$C$2:$C$1827,Data!$F$2:$F$1827,5) -> 45
A31: มิ.ย. | B31: =ROUND(AVERAGEIFS(Data!$B$2:$B$1827,Data!$F$2:$F$1827,6),2) -> 14.81 | C31: =ROUND(AVERAGEIFS(Data!$C$2:$C$1827,Data!$F$2:$F$1827,6),2) -> 26.48 | D31: =_xlfn.MAXIFS(Data!$C$2:$C$1827,Data!$F$2:$F$1827,6) -> 55 | I31: ค่าติดลบ = ลม/ฝนมาก → AQI ต่ำลง
A32: ก.ค. | B32: =ROUND(AVERAGEIFS(Data!$B$2:$B$1827,Data!$F$2:$F$1827,7),2) -> 15.67 | C32: =ROUND(AVERAGEIFS(Data!$C$2:$C$1827,Data!$F$2:$F$1827,7),2) -> 28.48 | D32: =_xlfn.MAXIFS(Data!$C$2:$C$1827,Data!$F$2:$F$1827,7) -> 74
A33: ส.ค. | B33: =ROUND(AVERAGEIFS(Data!$B$2:$B$1827,Data!$F$2:$F$1827,8),2) -> 13.85 | C33: =ROUND(AVERAGEIFS(Data!$C$2:$C$1827,Data!$F$2:$F$1827,8),2) -> 24.21 | D33: =_xlfn.MAXIFS(Data!$C$2:$C$1827,Data!$F$2:$F$1827,8) -> 50
A34: ก.ย. | B34: =ROUND(AVERAGEIFS(Data!$B$2:$B$1827,Data!$F$2:$F$1827,9),2) -> 13.56 | C34: =ROUND(AVERAGEIFS(Data!$C$2:$C$1827,Data!$F$2:$F$1827,9),2) -> 24.63 | D34: =_xlfn.MAXIFS(Data!$C$2:$C$1827,Data!$F$2:$F$1827,9) -> 119
A35: ต.ค. | B35: =ROUND(AVERAGEIFS(Data!$B$2:$B$1827,Data!$F$2:$F$1827,10),2) -> 12.16 | C35: =ROUND(AVERAGEIFS(Data!$C$2:$C$1827,Data!$F$2:$F$1827,10),2) -> 21.23 | D35: =_xlfn.MAXIFS(Data!$C$2:$C$1827,Data!$F$2:$F$1827,10) -> 99
A36: พ.ย. | B36: =ROUND(AVERAGEIFS(Data!$B$2:$B$1827,Data!$F$2:$F$1827,11),2) -> 11.37 | C36: =ROUND(AVERAGEIFS(Data!$C$2:$C$1827,Data!$F$2:$F$1827,11),2) -> 19.22 | D36: =_xlfn.MAXIFS(Data!$C$2:$C$1827,Data!$F$2:$F$1827,11) -> 35
A37: ธ.ค. | B37: =ROUND(AVERAGEIFS(Data!$B$2:$B$1827,Data!$F$2:$F$1827,12),2) -> 14.57 | C37: =ROUND(AVERAGEIFS(Data!$C$2:$C$1827,Data!$F$2:$F$1827,12),2) -> 25.6 | D37: =_xlfn.MAXIFS(Data!$C$2:$C$1827,Data!$F$2:$F$1827,12) -> 59
